Handle,Title,Body (HTML),Vendor,Type,Tags,Template Suffix,Published Scope,Published,Published At,Option1 Name,Option1 Value,Option2 Name,Option2 Value,Option3 Name,Option3 Value,Variant SKU,Metafields Global Title Tag,Metafields Global Description Tag,Metafield Namespace,Metafield Key,Metafield Value,Metafield Type,Variant Grams,Variant Inventory Tracker,Variant Inventory Qty,Variant Inventory Policy,Variant Inventory Cost,Variant Fulfillment Service,Variant Price,Variant Compare At Price,Variant Requires Shipping,Variant Taxable,Variant Barcode,Image Attachment,Image Src,Image Position,Image Alt Text,Variant Image,Variant Weight,Variant Weight Unit,Variant Tax Code
623-Set-étoiles-bleues,Set étoiles bleues,Ensemble de trois étoiles bleues sur le thème de Noël.,La ronde des couleurs,Les classiques,,,,,,,,,,,,623,,,,,,,,,,,,,6.50,,,,,,,,Set étoiles bleues,,,,
100-Croix-Enfants-du-Monde-20-cm,Croix Enfants du Monde 20 cm,Croix en bois et peinte à  la main bleue ciel.,La ronde des couleurs,Croix Enfants du Monde,,,,,,,,,,,,100,,,,,,,,,,,,,8.1,,,,,,,,Croix Enfants du Monde 20 cm,,,,
550-Croix-rose-pale-25mm-x6,Croix rose pale 25mm x6,Croix pendentif en bois peinte à  la main. Par lot de 6. Prix Unitaire: 1,26 Euro,La ronde des couleurs,Croix pendentifs et colliers,,,,,,,,,,,,550,,,,,,,,,,,,,7.56,,,,,,,,Croix rose pale 25mm x6,,,,
601-Crèche-avec-étable,Crèche avec étable,Crèche en bois et peinte à  la main.,La ronde des couleurs,Crèche Classique,,,,,,,,,,,,601,,,,,,,,,,,,,16.9,,,,,,,,Crèche avec étable,,,,
624-Set-étoiles-oranges,Set étoiles oranges,Ensemble de troisétoiles oranges sur le thème de Noël.,La ronde des couleurs,Les classiques,,,,,,,,,,,,624,,,,,,,,,,,,,6.5,,,,,,,,Set étoiles oranges,,,,
622-Set-étoiles-roses,Set étoiles roses,Ensemble de troisétoiles roses sur le thème de Noël.,La ronde des couleurs,Les classiques,,,,,,,,,,,,622,,,,,,,,,,,,,6.5,,,,,,,,Set étoiles roses,,,,
151-Set-3-colombes,Set 3 colombes,Ensemble de trois colombes à  suspendre.,La ronde des couleurs,Les classiques,,,,,,,,,,,,151,,,,,,,,,,,,,4.7,,,,,,,,Set 3 colombes,,,,
801-Croix-champ-de-blé,Croix champ de blé,Croix en bois et peinte à  la main.,La ronde des couleurs,Croix Paysages,,,,,,,,,,,,801,,,,,,,,,,,,,5.8,,,,,,,,Croix champ de blé,,,,
681-Set-anges-sans-perles,Set anges sans perles,Ensemble de cinq anges en bois peints à  la main.,La ronde des couleurs,Les classiques,,,,,,,,,,,,681,,,,,,,,,,,,,13.1,,,,,,,,Set anges sans perles,,,,
682-Set-anges-avec-perles,Set anges avec perles,Ensemble de cinq anges en bois peints à  la main.,La ronde des couleurs,Les classiques,,,,,,,,,,,,682,,,,,,,,,,,,,14.6,,,,,,,,Set anges avec perles,,,,
630-Crèche-coco-rose,Crèche coco rose,Crèche en bois peinte à  la main dans une moitié de noix de coco.,La ronde des couleurs,Crèche Coco,,,,,,,,,,,,630,,,,,,,,,,,,,12.8,,,,,,,,Crèche coco rose,,,,
631-Crèche-coco-orange,Crèche coco orange,Crèche en bois peinte à  la main dans une moitié de noix de coco.,La ronde des couleurs,Crèche Coco,,,,,,,,,,,,631,,,,,,,,,,,,,12.8,,,,,,,,Crèche coco orange,,,,
632-Crèche-coco-bleue,Crèche coco bleue,Crèche en bois peinte à  la main dans une moitié de noix de coco.,La ronde des couleurs,Crèche Coco,,,,,,,,,,,,632,,,,,,,,,,,,,12.8,,,,,,,,Crèche coco bleue,,,,
634-Personnages-complémentaires-crèche-coco,Personnages complémentaires crèche coco,Trois rois mages avec un dromadaire, et un berger avec un mouton.,La ronde des couleurs,Crèche Coco,,,,,,,,,,,,634,,,,,,,,,,,,,9.9,,,,,,,,Personnages complémentaires crèche coco,,,,
602-Crèche-sans-étable,Crèche sans étable,Crèche en bois peinte à  la main.,La ronde des couleurs,Crèche Classique,,,,,,,,,,,,602,,,,,,,,,,,,,9.7,,,,,,,,Crèche sans étable,,,,
603-Rois-Mages,Rois Mages,Trois rois mages et un dromadaire en bois et peints à  la main.,La ronde des couleurs,Crèche Classique,,,,,,,,,,,,603,,,,,,,,,,,,,9.5,,,,,,,,Rois Mages,,,,
604-Bergers,Bergers,Deux bergers et un mouton en bois et peints à  la main.,La ronde des couleurs,Crèche Classique,,,,,,,,,,,,604,,,,,,,,,,,,,7.45,,,,,,,,Bergers,,,,
606-Ange,Ange,Ange en bois et peint à  la main.,La ronde des couleurs,Crèche Classique,,,,,,,,,,,,606,,,,,,,,,,,,,2.85,,,,,,,,Ange,,,,
625-Set-3-étoiles-Nativité,Set 3 étoiles Nativité,Ensemble de troisétoiles avec la Sainte Famille.,La ronde des couleurs,Les classiques,,,,,,,,,,,,625,,,,,,,,,,,,,6.5,,,,,,,,Set 3 étoiles Nativité,,,,
802-Croix-Prêtre,Croix Prêtre,Croix en bois et peinte à  la main.,La ronde des couleurs,Croix Paysages,,,,,,,,,,,,802,,,,,,,,,,,,,5.8,,,,,,,,Croix Prêtre,,,,
803-Croix-champ-de-coquelicots,Croix champ de coquelicots,Croix en bois et peinte à  la main.,La ronde des couleurs,Croix Paysages,,,,,,,,,,,,803,,,,,,,,,,,,,5.8,,,,,,,,Croix champ de coquelicots,,,,
804-Croix-prêtre-et-colombe,Croix prêtre et colombe,Croix en bois et peinte à  la main.,La ronde des couleurs,Croix Paysages,,,,,,,,,,,,804,,,,,,,,,,,,,6.1,,,,,,,,Croix prêtre et colombe,,,,
805-Croix-Pêche-Miraculeuse,Croix Pêche Miraculeuse,Croix en bois et peinte à  la main.,La ronde des couleurs,Croix Paysages,,,,,,,,,,,,805,,,,,,,,,,,,,6.1,,,,,,,,Croix Pêche Miraculeuse,,,,
806-Croix-Montagne,Croix Montagne,Croix en bois et peinte à  la main.,La ronde des couleurs,Croix Paysages,,,,,,,,,,,,806,,,,,,,,,,,,,6.1,,,,,,,,Croix Montagne,,,,
807-Croix-prêtre-et-papillons,Croix prêtre et papillons,,La ronde des couleurs,Croix Paysages,,,,,,,,,,,,807,,,,,,,,,,,,,6.1,,,,,,,,Croix prêtre et papillons,,,,
808-Croix-clocher,Croix clocher,Croix en bois et peinte à  la main.,La ronde des couleurs,Croix Paysages,,,,,,,,,,,,808,,,,,,,,,,,,,6.1,,,,,,,,Croix clocher,,,,
809-Croix-cerf-volant,Croix cerf-volant,Croix en bois et peinte à  la main.,La ronde des couleurs,Croix Paysages,,,,,,,,,,,,809,,,,,,,,,,,,,5.8,,,,,,,,Croix cerf-volant,,,,
810-Croix-vignes,Croix vignes,Croix en bois et peinte à  la main.,La ronde des couleurs,Croix Paysages,,,,,,,,,,,,810,,,,,,,,,,,,,5.8,,,,,,,,Croix vignes,,,,
607-Set-3-moutons,Set 3 moutons,Ensemble de trois moutons en bois et peints à  la main.,La ronde des couleurs,Crèche Classique,,,,,,,,,,,,607,,,,,,,,,,,,,4.3,,,,,,,,Set 3 moutons,,,,
605-Etable,Etable,à‰table en bois et laquée.,La ronde des couleurs,Crèche Classique,,,,,,,,,,,,605,,,,,,,,,,,,,9.1,,,,,,,,Etable,,,,
610-Bergère-et-enfants,Bergère et enfants,Bergère et deux enfants en bois, sculptés et peints à  la main.,La ronde des couleurs,Crèche Classique,,,,,,,,,,,,610,,,,,,,,,,,,,7.8,,,,,,,,Bergère et enfants,,,,
101-Croix-EdM-bleue-12-cm,Croix EdM bleue 12 cm,Croix en bois peinte à  la main.,La ronde des couleurs,Croix Enfants du Monde,,,,,,,,,,,,101,,,,,,,,,,,,,4.5,,,,,,,,Croix EdM bleue 12 cm,,,,
109-Croix-EdM-jaune-12cm,Croix EdM jaune 12cm,Croix en bois peinte à  la main.,La ronde des couleurs,Croix Enfants du Monde,,,,,,,,,,,,109,,,,,,,,,,,,,4.5,,,,,,,,Croix EdM jaune 12cm,,,,
108-Croix-EdM-rose-12cm,Croix EdM rose 12cm,Croix en bois peinte à  la main.,La ronde des couleurs,Croix Enfants du Monde,,,,,,,,,,,,108,,,,,,,,,,,,,4.5,,,,,,,,Croix EdM rose 12cm,,,,
200-Croix-Arche-de-Noé-20cm,Croix Arche de Noé 20cm,Croix en bois peinte à  la main.,La ronde des couleurs,Croix Arche de Noé,,,,,,,,,,,,200,,,,,,,,,,,,,8.1,,,,,,,,Croix Arche de Noé 20cm,,,,
201-Croix-Arche-de-Noé-12cm,Croix Arche de Noé 12cm,Croix en bois peinte à  la main.,La ronde des couleurs,Croix Arche de Noé,,,,,,,,,,,,201,,,,,,,,,,,,,4.5,,,,,,,,Croix Arche de Noé 12cm,,,,
300-Croix-Création-du-Monde-20cm,Croix Création du Monde 20cm,Croix en bois et peinte à  la main.,La ronde des couleurs,Croix Création du Monde,,,,,,,,,,,,300,,,,,,,,,,,,,8.1,,,,,,,,Croix Création du Monde 20cm,,,,
301-Croix-Création-du-Monde-12cm,Croix Création du Monde 12cm,Croix en bois peinte à  la main.,La ronde des couleurs,Croix Création du Monde,,,,,,,,,,,,301,,,,,,,,,,,,,4.5,,,,,,,,Croix Création du Monde 12cm,,,,
706-Croix-Berger-violine,Croix Berger violine,Croix en bois peinte à  la main.,La ronde des couleurs,Croix Bergers,,,,,,,,,,,,706,,,,,,,,,,,,,5.4,,,,,,,,Croix Berger violine,,,,
707-Croix-Berger-parme,Croix Berger parme,Croix en bois peinte à  la main.,La ronde des couleurs,Croix Bergers,,,,,,,,,,,,707,,,,,,,,,,,,,5.4,,,,,,,,Croix Berger parme,,,,
407-Croix-Colombe-bleue,Croix Colombe bleue,Croix en bois peinte à  la main.,La ronde des couleurs,Croix Symboles,,,,,,,,,,,,407,,,,,,,,,,,,,5.5,,,,,,,,Croix Colombe bleue,,,,
408-Croix-Colombe-rose,Croix Colombe rose,Croix en bois peinte à  la main.,La ronde des couleurs,Croix Symboles,,,,,,,,,,,,408,,,,,,,,,,,,,5.5,,,,,,,,Croix Colombe rose,,,,
409-Croix-Bougie,Croix Bougie,Croix en bois peinte à  la main.,La ronde des couleurs,Croix Symboles,,,,,,,,,,,,409,,,,,,,,,,,,,5.5,,,,,,,,Croix Bougie,,,,
511-Croix-Coeur-bleue,Croix Coeur bleue,Croix en bois peinte à  la main.,La ronde des couleurs,Croix Coeur,,,,,,,,,,,,511,,,,,,,,,,,,,5.6,,,,,,,,Croix Coeur bleue,,,,
521-Croix-Coeur-jaune,Croix Coeur jaune,Croix en bois peinte à  la main.,La ronde des couleurs,Croix Coeur,,,,,,,,,,,,521,,,,,,,,,,,,,5.6,,,,,,,,Croix Coeur jaune,,,,
531-Croix-Coeur-rose,Croix Coeur rose,Croix en bois peinte à  la main.,La ronde des couleurs,Croix Coeur,,,,,,,,,,,,531,,,,,,,,,,,,,5.6,,,,,,,,Croix Coeur rose,,,,
401-Croix-Espoir-bleue,Croix Espoir bleue,Croix en bois peinte à  la main.,La ronde des couleurs,Croix Espoir,,,,,,,,,,,,401,,,,,,,,,,,,,5.5,,,,,,,,Croix Espoir bleue,,,,
402-Croix-Espoir-jaune,Croix Espoir jaune,Croix en bois peinte à  la main.,La ronde des couleurs,Croix Espoir,,,,,,,,,,,,402,,,,,,,,,,,,,5.5,,,,,,,,Croix Espoir jaune,,,,
405-Croix-Espoir-rouge,Croix Espoir rouge,Croix en bois peinte à  la main.,La ronde des couleurs,Croix Espoir,,,,,,,,,,,,405,,,,,,,,,,,,,5.5,,,,,,,,Croix Espoir rouge,,,,
280-Bougeoir-Arche-de-Noé,Bougeoir Arche de Noé,Bougeoir en bois peint à  la main.,La ronde des couleurs,Bougeoirs,,,,,,,,,,,,280,,,,,,,,,,,,,4.95,,,,,,,,Bougeoir Arche de Noé,,,,
851-Je-Vous-Salue-Marie-Orange,Je Vous Salue Marie Orange,Plaquette prière en bois et peinte à  la main A joindre à  un socle prière.,La ronde des couleurs,Plaquettes prières,,,,,,,,,,,,851,,,,,,,,,,,,,5.8,,,,,,,,Je Vous Salue Marie Orange,,,,
852-Notre-Père,Notre Père,Plaquette prière en bois et peinte à  la main A joindre à  un socle prière.,La ronde des couleurs,Plaquettes prières,,,,,,,,,,,,852,,,,,,,,,,,,,5.8,,,,,,,,Notre Père,,,,
853-Merci-Mon-Dieu,Merci Mon Dieu,Plaquette prière en bois et peinte à  la main A joindre à  un socle prière.,La ronde des couleurs,Plaquettes prières,,,,,,,,,,,,853,,,,,,,,,,,,,5.8,,,,,,,,Merci Mon Dieu,,,,
854-Instruement-de-Paix,Instruement de Paix,Plaquette prière en bois et peinte à  la main A joindre à  un socle prière.,La ronde des couleurs,Plaquettes prières,,,,,,,,,,,,854,,,,,,,,,,,,,5.8,,,,,,,,Instruement de Paix,,,,
855-Prière-du-Matin,Prière du Matin,Plaquette prière en bois et peinte à  la main A joindre à  un socle prière.,La ronde des couleurs,Plaquettes prières,,,,,,,,,,,,855,,,,,,,,,,,,,5.8,,,,,,,,Prière du Matin,,,,
856-Prière-du-Soir,Prière du Soir,Plaquette prière en bois et peinte à  la main A joindre à  un socle prière.,La ronde des couleurs,Plaquettes prières,,,,,,,,,,,,856,,,,,,,,,,,,,5.8,,,,,,,,Prière du Soir,,,,
871-Socle-prière-fillette-blonde,Socle prière fillette blonde,Socle en bois et peint à  la main pour plaquette prière.,La ronde des couleurs,Socles,,,,,,,,,,,,871,,,,,,,,,,,,,3.95,,,,,,,,Socle prière fillette blonde,,,,
872-Socle-prière-garçon-blond,Socle prière garçon blond,Socle en bois et peint à  la main pour plaquette prière.,La ronde des couleurs,Socles,,,,,,,,,,,,872,,,,,,,,,,,,,3.95,,,,,,,,Socle prière garçon blond,,,,
873-Socle-prière-fillette-brune,Socle prière fillette brune,Socle en bois et peint à  la main pour plaquette prière.,La ronde des couleurs,Socles,,,,,,,,,,,,873,,,,,,,,,,,,,3.95,,,,,,,,Socle prière fillette brune,,,,
874-Socle-prière-garçon-brun,Socle prière garçon brun,Socle en bois et peint à  la main pour plaquette prière.,La ronde des couleurs,Socles,,,,,,,,,,,,874,,,,,,,,,,,,,3.95,,,,,,,,Socle prière garçon brun,,,,
841-Ave-O-Maria,Ave O Maria,,La ronde des couleurs,Preghiera italiano,,,,,,,,,,,,841,,,,,,,,,,,,,5.5,,,,,,,,Ave O Maria,,,,
842-Padre-Nostro,Padre Nostro,,La ronde des couleurs,Preghiera italiano,,,,,,,,,,,,842,,,,,,,,,,,,,5.5,,,,,,,,Padre Nostro,,,,
843-Grazie,-Signore,Grazie, Signore,,La ronde des couleurs,Preghiera italiano,,,,,,,,,,,,843,,,,,,,,,,,,,5.5,,,,,,,,Grazie, Signore,,,,
845-Al-Mattino,Al Mattino,,La ronde des couleurs,Preghiera italiano,,,,,,,,,,,,845,,,,,,,,,,,,,5.5,,,,,,,,Al Mattino,,,,
846-Alla-sera,Alla sera,,La ronde des couleurs,Preghiera italiano,,,,,,,,,,,,846,,,,,,,,,,,,,5.5,,,,,,,,Alla sera,,,,
844-Preghiera-per-la-pace,Preghiera per la pace,,La ronde des couleurs,Preghiera italiano,,,,,,,,,,,,844,,,,,,,,,,,,,5.5,,,,,,,,Preghiera per la pace,,,,
881-Cadre-Je-Vous-Salue-Marie-bleu,Cadre Je Vous Salue Marie bleu,Prière murale en bois et peinte à  la main.,La ronde des couleurs,Prières Murales,,,,,,,,,,,,881,,,,,,,,,,,,,11.8,,,,,,,,Cadre Je Vous Salue Marie bleu,,,,
882-Cadre-Je-Vous-Salue-Marie-rose,Cadre Je Vous Salue Marie rose,Prière murale en bois et peinte à  la main.,La ronde des couleurs,Prières Murales,,,,,,,,,,,,882,,,,,,,,,,,,,11.8,,,,,,,,Cadre Je Vous Salue Marie rose,,,,
883-Cadre-Notre-Père,Cadre Notre Père,Prière murale en bois et peinte à  la main.,La ronde des couleurs,Prières Murales,,,,,,,,,,,,883,,,,,,,,,,,,,11.8,,,,,,,,Cadre Notre Père,,,,
884-Cadre-Ange-Gardien-bleu,Cadre Ange Gardien bleu,Prière murale en bois et peinte à  la main.,La ronde des couleurs,Prières Murales,,,,,,,,,,,,884,,,,,,,,,,,,,11.8,,,,,,,,Cadre Ange Gardien bleu,,,,
885-Cadre-Ange-Gardien-rose,Cadre Ange Gardien rose,Prière murale en bois et peinte à  la main.,La ronde des couleurs,Prières Murales,,,,,,,,,,,,885,,,,,,,,,,,,,11.8,,,,,,,,Cadre Ange Gardien rose,,,,
886-Ave-O-Maria-azure,Ave O Maria azure,,La ronde des couleurs,Preghiera italiano,,,,,,,,,,,,886,,,,,,,,,,,,,11.7,,,,,,,,Ave O Maria azure,,,,
887-Ave-O-Maria-roso,Ave O Maria roso,,La ronde des couleurs,Preghiera italiano,,,,,,,,,,,,887,,,,,,,,,,,,,11.7,,,,,,,,Ave O Maria roso,,,,
888-Padre-Nostro,Padre Nostro,,La ronde des couleurs,Preghiera italiano,,,,,,,,,,,,888,,,,,,,,,,,,,11.7,,,,,,,,Padre Nostro,,,,
889-Angelo-do-Dio-azure,Angelo do Dio azure,,La ronde des couleurs,Preghiera italiano,,,,,,,,,,,,889,,,,,,,,,,,,,11.7,,,,,,,,Angelo do Dio azure,,,,
890-Angelo-di-Dio-roso,Angelo di Dio roso,,La ronde des couleurs,Preghiera italiano,,,,,,,,,,,,890,,,,,,,,,,,,,11.7,,,,,,,,Angelo di Dio roso,,,,
891-Hail-Mary-blue,Hail Mary blue,,La ronde des couleurs,Prayers in english,,,,,,,,,,,,891,,,,,,,,,,,,,11.7,,,,,,,,Hail Mary blue,,,,
892-Hail-Mary-pink,Hail Mary pink,,La ronde des couleurs,Prayers in english,,,,,,,,,,,,892,,,,,,,,,,,,,11.7,,,,,,,,Hail Mary pink,,,,
893-Our-Father,Our Father,,La ronde des couleurs,Prayers in english,,,,,,,,,,,,893,,,,,,,,,,,,,11.7,,,,,,,,Our Father,,,,
894-To-my-guardian-angel-blue,To my guardian angel blue,,La ronde des couleurs,Prayers in english,,,,,,,,,,,,894,,,,,,,,,,,,,11.7,,,,,,,,To my guardian angel blue,,,,
895-To-my-guardian-angel-pink,To my guardian angel pink,,La ronde des couleurs,Prayers in english,,,,,,,,,,,,895,,,,,,,,,,,,,11.7,,,,,,,,To my guardian angel pink,,,,
950-Vierge-bleue,-socle-blanc,Vierge bleue, socle blanc,Vierge en bois et peinte à  la main.,La ronde des couleurs,Plaquettes Murales,,,,,,,,,,,,950,,,,,,,,,,,,,8.1,,,,,,,,Vierge bleue, socle blanc,,,,
951-Vierge-dorée,-socle-blanc,Vierge dorée, socle blanc,Vierge en bois et peinte à  la main.,La ronde des couleurs,Plaquettes Murales,,,,,,,,,,,,951,,,,,,,,,,,,,8.1,,,,,,,,Vierge dorée, socle blanc,,,,
949-Vierge-dorée,-socle-bois,Vierge dorée, socle bois,Vierge en bois et peinte à  la main.,La ronde des couleurs,Plaquettes Murales,,,,,,,,,,,,949,,,,,,,,,,,,,8.1,,,,,,,,Vierge dorée, socle bois,,,,
948-Vierge-bleue,-socle-bois,Vierge bleue, socle bois,Vierge en bois et peinte à  la main.,La ronde des couleurs,Plaquettes Murales,,,,,,,,,,,,948,,,,,,,,,,,,,8.1,,,,,,,,Vierge bleue, socle bois,,,,
954-Sainte-Thérèse,Sainte Thérèse,Sainte Thérèse en bois et peinte à  la main.,La ronde des couleurs,Plaquettes Murales,,,,,,,,,,,,954,,,,,,,,,,,,,8.1,,,,,,,,Sainte Thérèse,,,,
516-Croix-pendentif-orange-x6,Croix pendentif orange x6,Croix en bois et peinte à  la main, vendu par lot de 6 uniquement. Prix Unitaire: 1,35 Euro,La ronde des couleurs,Croix pendentifs et colliers,,,,,,,,,,,,516,,,,,,,,,,,,,7.8,,,,,,,,Croix pendentif orange x6,,,,
526-Croix-pendentif-bleue-x6,Croix pendentif bleue x6,Croix en bois et peintes à  la main, vendues par lot de 6 uniquement. Prix Unitaire: 1,35 Euro,La ronde des couleurs,Croix pendentifs et colliers,,,,,,,,,,,,526,,,,,,,,,,,,,7.8,,,,,,,,Croix pendentif bleue x6,,,,
536-Croix-pendentif-verte-x6,Croix pendentif verte x6,Croix en bois et peinte à  la main, vendu par lot de 6 uniquement. Prix Unitaire: 1,35 Euro,La ronde des couleurs,Croix pendentifs et colliers,,,,,,,,,,,,536,,,,,,,,,,,,,8.4,,,,,,,,Croix pendentif verte x6,,,,
551-Croix-bleu-ciel-25mm-x6,Croix bleu ciel 25mm x6,Croix en bois et peinte à  la main. Par lot de 6. Prix Unitaire: 1,26 Euro,La ronde des couleurs,Croix pendentifs et colliers,,,,,,,,,,,,551,,,,,,,,,,,,,8.4,,,,,,,,Croix bleu ciel 25mm x6,,,,
552-Croix-verte-pale-25mm-x6,Croix verte pale 25mm x6,Croix en bois et peinte à  la main. Par lot de 6. Prix Unitaire: 1,26 Euro,La ronde des couleurs,Croix pendentifs et colliers,,,,,,,,,,,,552,,,,,,,,,,,,,8.4,,,,,,,,Croix verte pale 25mm x6,,,,
553-Croix-rose-pale-15mm-x6,Croix rose pale 15mm x6,Croix en bois et peinte à  la main. ar lot de 6. Prix Unitaire: 1,08 Euro,La ronde des couleurs,Croix pendentifs et colliers,,,,,,,,,,,,553,,,,,,,,,,,,,7.2,,,,,,,,Croix rose pale 15mm x6,,,,
554-Croix-bleue-ciel-15mm-x6,Croix bleue ciel 15mm x6,Croix en bois et peinte à  la main. Par lot de 6. Prix Unitaire: 1,08 Euro,La ronde des couleurs,Croix pendentifs et colliers,,,,,,,,,,,,554,,,,,,,,,,,,,7.2,,,,,,,,Croix bleue ciel 15mm x6,,,,
555-Croix-verte-pâle-15mm-x6,Croix verte pâle 15mm x6,Croix en bois et peinte à  la main. Par lot de 6. Prix Unitaire: 1,08 Euro,La ronde des couleurs,Croix pendentifs et colliers,,,,,,,,,,,,555,,,,,,,,,,,,,7.2,,,,,,,,Croix verte pâle 15mm x6,,,,
560-Croix-verte-teintée-15mm-x6,Croix verte teintée 15mm x6,Croix en bois teintée, vendu par lot de 6 uniquement. Prix Unitaire: 0,81 Euro,La ronde des couleurs,Croix pendentifs et colliers,,,,,,,,,,,,560,,,,,,,,,,,,,5.4,,,,,,,,Croix verte teintée 15mm x6,,,,
562-Croix-rouge-teintée-15mm-xÂ§,Croix rouge teintée 15mm xÂ§,Croix en bois teintée, vendu par lot de 6 uniquement. Prix Unitaire: 0,81 Euro,La ronde des couleurs,Croix pendentifs et colliers,,,,,,,,,,,,562,,,,,,,,,,,,,5.4,,,,,,,,Croix rouge teintée 15mm xÂ§,,,,
561-Croix-bleue-teintée-15mm-x6,Croix bleue teintée 15mm x6,Croix en bois teintée, vendu par lot de 6 uniquement. Prix Unitaire: 0,81 Euro,La ronde des couleurs,Croix pendentifs et colliers,,,,,,,,,,,,561,,,,,,,,,,,,,5.4,,,,,,,,Croix bleue teintée 15mm x6,,,,
563-Croix-verte-teintée-25mm-x6,Croix verte teintée 25mm x6,Croix en bois teintée, vendu par lot de 6 uniquement. Prix Unitaire: 0,9 Euro,La ronde des couleurs,Croix pendentifs et colliers,,,,,,,,,,,,563,,,,,,,,,,,,,6,,,,,,,,Croix verte teintée 25mm x6,,,,
564-Croix-rouge-teintée-25mm-x6,Croix rouge teintée 25mm x6,Croix en bois teintée, vendu par lot de 6 uniquement.Prix Unitaire: 0,9 Euro,La ronde des couleurs,Croix pendentifs et colliers,,,,,,,,,,,,564,,,,,,,,,,,,,6,,,,,,,,Croix rouge teintée 25mm x6,,,,
565-Croix-bleue-teintée-25mm-x6,Croix bleue teintée 25mm x6,Croix en bois teintée, vendu par lot de 6 uniquement. Prix Unitaire: 0,9 Euro,La ronde des couleurs,Croix pendentifs et colliers,,,,,,,,,,,,565,,,,,,,,,,,,,6,,,,,,,,Croix bleue teintée 25mm x6,,,,
512-Chapelet-coeur-bleu,Chapelet coeur bleu,Chapelet en bois. Par lot de 6. Prix Unit. 3,5e.,La ronde des couleurs,Chapelets et Boites,,,,,,,,,,,,512,,,,,,,,,,,,,23.4,,,,,,,,Chapelet coeur bleu,,,,
522-Chapelet-coeur-jaune,Chapelet coeur jaune,Chapelet en bois. Par lot de 6. Prix Unit. 3,5e.,La ronde des couleurs,Chapelets et Boites,,,,,,,,,,,,522,,,,,,,,,,,,,23.4,,,,,,,,Chapelet coeur jaune,,,,
532-Chapelet-coeur-rose,Chapelet coeur rose,Chapelet en bois. Par lot de 6. Prix Unit. 3,5e.,La ronde des couleurs,Chapelets et Boites,,,,,,,,,,,,532,,,,,,,,,,,,,23.4,,,,,,,,Chapelet coeur rose,,,,
514-Boite-coeur-bleu,Boite coeur bleu,Boite en bois et peinte à  la main.,La ronde des couleurs,Chapelets et Boites,,,,,,,,,,,,514,,,,,,,,,,,,,5.5,,,,,,,,Boite coeur bleu,,,,
524-Boite-coeur-jaune,Boite coeur jaune,Boite en bois et peinte à  la main.,La ronde des couleurs,Chapelets et Boites,,,,,,,,,,,,524,,,,,,,,,,,,,5.5,,,,,,,,Boite coeur jaune,,,,
534-Boite-coeur-rose,Boite coeur rose,Boite en bois et peinte à  la main.,La ronde des couleurs,Chapelets et Boites,,,,,,,,,,,,534,,,,,,,,,,,,,5.5,,,,,,,,Boite coeur rose,,,,
515-Dizainier-croix-orange,Dizainier croix orange,Dizainier en bois et peint à  la main.,La ronde des couleurs,Dizainiers et Bracelets,,,,,,,,,,,,515,,,,,,,,,,,,,15.6,,,,,,,,Dizainier croix orange,,,,
525-Dizainier-croix-bleue,Dizainier croix bleue,Dizainier en bois et peint à  la main.,La ronde des couleurs,Dizainiers et Bracelets,,,,,,,,,,,,525,,,,,,,,,,,,,15.6,,,,,,,,Dizainier croix bleue,,,,
535-Dizainier-croix-verte,Dizainier croix verte,Dizainier en bois et peint à  la main.,La ronde des couleurs,Dizainiers et Bracelets,,,,,,,,,,,,535,,,,,,,,,,,,,15.6,,,,,,,,Dizainier croix verte,,,,
903-Dizainier-colombe-bleu,Dizainier colombe bleu,Bracelet en bois. Vendu par 6. Prix unit.: 2,25e,La ronde des couleurs,Dizainiers et Bracelets,,,,,,,,,,,,903,,,,,,,,,,,,,15,,,,,,,,Dizainier colombe bleu,,,,
904-Dizainier-colombe-rose,Dizainier colombe rose,Bracelet en bois. Vendu par 6. Prix unit.: 2,25e,La ronde des couleurs,Dizainiers et Bracelets,,,,,,,,,,,,904,,,,,,,,,,,,,15,,,,,,,,Dizainier colombe rose,,,,
541-Collier-ange-bleu,Collier ange bleu,Collier en bois.,La ronde des couleurs,Croix pendentifs et colliers,,,,,,,,,,,,541,,,,,,,,,,,,,3.4,,,,,,,,Collier ange bleu,,,,
542-Collier-ange-orange,Collier ange orange,Collier en bois.,La ronde des couleurs,Croix pendentifs et colliers,,,,,,,,,,,,542,,,,,,,,,,,,,3.4,,,,,,,,Collier ange orange,,,,
543-Collier-ange-rose,Collier ange rose,Collier en bois.,La ronde des couleurs,Croix pendentifs et colliers,,,,,,,,,,,,543,,,,,,,,,,,,,3.4,,,,,,,,Collier ange rose,,,,
901-Collier-colombe-rose,Collier colombe rose,Collier en bois. Vendu par 6. Prix unit.: 2,5e,La ronde des couleurs,Dizainiers et Bracelets,,,,,,,,,,,,901,,,,,,,,,,,,,16.8,,,,,,,,Collier colombe rose,,,,
902-Collier-colombe-bleue,Collier colombe bleue,Collier en bois. Vendu par 6. Prix unit.: 2,5e,La ronde des couleurs,Dizainiers et Bracelets,,,,,,,,,,,,902,,,,,,,,,,,,,16.8,,,,,,,,Collier colombe bleue,,,,
#N/A
609-Cornac-et-éléphants,Cornac et éléphants,Cornac et deuxéléphants en bois, peints et sculptés à  la main.,La ronde des couleurs,Crèche Classique,,,,,,,,,,,,609,,,,,,,,,,,,,9.4,,,,,,,,Cornac et éléphants,,,,
104-Pot-à -crayons-EdM,Pot à  crayons EdM,Pot à  crayons en bois et peint à  la main.,La ronde des couleurs,Thème Enfants du Monde,,,,,,,,,,,,104,,,,,,,,,,,,,5.2,,,,,,,,Pot à  crayons EdM,,,,
152-Grande-étoile-sapin,Grande étoile sapin,à‰toile en bois et sculptée à  la main.,La ronde des couleurs,Les classiques,,,,,,,,,,,,152,,,,,,,,,,,,,4.4,,,,,,,,Grande étoile sapin,,,,
"111-Rond-de-serviette-africaine,Rond de serviette africaine,Rond de serviette ""solidaire"" en bois.,La ronde des couleurs,Ronds de Serviette,,,,,,,,,,,,111,,,,,,,,,,,,,2.9,,,,,,,,Rond de serviette africaine,,,,"
"112-Rond-de-serviette-esquimaux-garçon,Rond de serviette esquimaux garçon,Rond de serviette ""solidaire"" en bois.,La ronde des couleurs,Ronds de Serviette,,,,,,,,,,,,112,,,,,,,,,,,,,2.9,,,,,,,,Rond de serviette esquimaux garçon,,,,"
"113-Rond-de-serviette-européen,Rond de serviette européen,Rond de serviette ""solidaire"" en bois.,La ronde des couleurs,Ronds de Serviette,,,,,,,,,,,,113,,,,,,,,,,,,,2.9,,,,,,,,Rond de serviette européen,,,,"
"114-Rond-de-serviette-asiatique-fille,Rond de serviette asiatique fille,Rond de serviette ""solidaire"" en bois.,La ronde des couleurs,Ronds de Serviette,,,,,,,,,,,,114,,,,,,,,,,,,,2.9,,,,,,,,Rond de serviette asiatique fille,,,,"
"115-Rond-de-serviette-africain,Rond de serviette africain,Rond de serviette ""solidaire"" en bois.,La ronde des couleurs,Ronds de Serviette,,,,,,,,,,,,115,,,,,,,,,,,,,2.9,,,,,,,,Rond de serviette africain,,,,"
"116-Rond-de-serviette-esquimaux-fille,Rond de serviette esquimaux fille,Rond de serviette ""solidaire"" en bois.,La ronde des couleurs,Ronds de Serviette,,,,,,,,,,,,116,,,,,,,,,,,,,2.9,,,,,,,,Rond de serviette esquimaux fille,,,,"
"117-Rond-de-serviette-européenne,Rond de serviette européenne,Rond de serviette ""solidaire"" en bois.,La ronde des couleurs,Ronds de Serviette,,,,,,,,,,,,117,,,,,,,,,,,,,2.9,,,,,,,,Rond de serviette européenne,,,,"
"118-Rond-de-serviette-asiatique-garçon,Rond de serviette asiatique garçon,Rond de serviette ""solidaire"" en bois.,La ronde des couleurs,Ronds de Serviette,,,,,,,,,,,,118,,,,,,,,,,,,,2.9,,,,,,,,Rond de serviette asiatique garçon,,,,"
"119-Rond-de-serviette-mexicaine,Rond de serviette mexicaine,Rond de serviette ""solidaire"" en bois.,La ronde des couleurs,Ronds de Serviette,,,,,,,,,,,,119,,,,,,,,,,,,,2.9,,,,,,,,Rond de serviette mexicaine,,,,"
"120-Rond-de-serviette-mexicain,Rond de serviette mexicain,Rond de serviette ""solidaire"" en bois.,La ronde des couleurs,Ronds de Serviette,,,,,,,,,,,,120,,,,,,,,,,,,,2.9,,,,,,,,Rond de serviette mexicain,,,,"
"131-Rond-de-serviette-thaitienne,Rond de serviette thaitienne,Rond de serviette ""solidaire"" en bois.,La ronde des couleurs,Ronds de Serviette,,,,,,,,,,,,131,,,,,,,,,,,,,2.9,,,,,,,,Rond de serviette thaitienne,,,,"
"132-Rond-de-serviette-thaitien,Rond de serviette thaitien,Rond de serviette ""solidaire"" en bois.,La ronde des couleurs,Ronds de Serviette,,,,,,,,,,,,132,,,,,,,,,,,,,2.9,,,,,,,,Rond de serviette thaitien,,,,"
141-Coquetier-africaine,Coquetier africaine,Coquetier en bois.,La ronde des couleurs,Coquetiers,,,,,,,,,,,,141,,,,,,,,,,,,,3.05,,,,,,,,Coquetier africaine,,,,
142-Coquetier-esquimaux-garçon,Coquetier esquimaux garçon,Coquetier en bois.,La ronde des couleurs,Coquetiers,,,,,,,,,,,,142,,,,,,,,,,,,,3.05,,,,,,,,Coquetier esquimaux garçon,,,,
143-Coquetier-européen,Coquetier européen,Coquetier en bois.,La ronde des couleurs,Coquetiers,,,,,,,,,,,,143,,,,,,,,,,,,,3.05,,,,,,,,Coquetier européen,,,,
144-Coquetier-asiatique-fille,Coquetier asiatique fille,Coquetier en bois.,La ronde des couleurs,Coquetiers,,,,,,,,,,,,144,,,,,,,,,,,,,3.05,,,,,,,,Coquetier asiatique fille,,,,
145-Coquetier-africain,Coquetier africain,Coquetier en bois.,La ronde des couleurs,Coquetiers,,,,,,,,,,,,145,,,,,,,,,,,,,3.05,,,,,,,,Coquetier africain,,,,
146-Coquetier-esquimaux-fille,Coquetier esquimaux fille,Coquetier en bois.,La ronde des couleurs,Coquetiers,,,,,,,,,,,,146,,,,,,,,,,,,,3.05,,,,,,,,Coquetier esquimaux fille,,,,
147-Coquetier-européenne,Coquetier européenne,Coquetier en bois.,La ronde des couleurs,Coquetiers,,,,,,,,,,,,147,,,,,,,,,,,,,3.05,,,,,,,,Coquetier européenne,,,,
148-Coquetier-asiatique-garçon,Coquetier asiatique garçon,Coquetier en bois.,La ronde des couleurs,Coquetiers,,,,,,,,,,,,148,,,,,,,,,,,,,3.05,,,,,,,,Coquetier asiatique garçon,,,,
149-Coquetier-mexicaine,Coquetier mexicaine,Coquetier en bois.,La ronde des couleurs,Coquetiers,,,,,,,,,,,,149,,,,,,,,,,,,,3.05,,,,,,,,Coquetier mexicaine,,,,
161-Coquetier-mexicain,Coquetier mexicain,Coquetier en bois.,La ronde des couleurs,Coquetiers,,,,,,,,,,,,161,,,,,,,,,,,,,3.05,,,,,,,,Coquetier mexicain,,,,
162-Coquetier-thaitienne,Coquetier thaitienne,Coquetier en bois.,La ronde des couleurs,Coquetiers,,,,,,,,,,,,162,,,,,,,,,,,,,3.05,,,,,,,,Coquetier thaitienne,,,,
163-Coquetier-thaitien,Coquetier thaitien,Coquetier en bois.,La ronde des couleurs,Coquetiers,,,,,,,,,,,,163,,,,,,,,,,,,,3.05,,,,,,,,Coquetier thaitien,,,,
F1-F1,F1,Cadre à  personnaliser en bois et peint à  la main.,La ronde des couleurs,Cadres filles,,,,,,,,,,,,F1,,,,,,,,,,,,,14.5,,,,,,,,F1,,,,
F2-F2,F2,Cadre à  personnaliser en bois et peint à  la main.,La ronde des couleurs,Cadres filles,,,,,,,,,,,,F2,,,,,,,,,,,,,14.5,,,,,,,,F2,,,,
F3-F3,F3,Cadre à  personnaliser en bois et peint à  la main.,La ronde des couleurs,Cadres filles,,,,,,,,,,,,F3,,,,,,,,,,,,,14.5,,,,,,,,F3,,,,
F4-F4,F4,Cadre à  personnaliser en bois et peint à  la main.,La ronde des couleurs,Cadres filles,,,,,,,,,,,,F4,,,,,,,,,,,,,14.5,,,,,,,,F4,,,,
F5-F5,F5,Cadre à  personnaliser en bois et peint à  la main.,La ronde des couleurs,Cadres filles,,,,,,,,,,,,F5,,,,,,,,,,,,,14.5,,,,,,,,F5,,,,
F6-F6,F6,Cadre à  personnaliser en bois et peint à  la main.,La ronde des couleurs,Cadres filles,,,,,,,,,,,,F6,,,,,,,,,,,,,14.5,,,,,,,,F6,,,,
F7-F7,F7,Cadre à  personnaliser en bois et peint à  la main.,La ronde des couleurs,Cadres filles,,,,,,,,,,,,F7,,,,,,,,,,,,,14.5,,,,,,,,F7,,,,
F8-F8,F8,Cadre à  personnaliser en bois et peint à  la main.,La ronde des couleurs,Cadres filles,,,,,,,,,,,,F8,,,,,,,,,,,,,14.5,,,,,,,,F8,,,,
F9-F9,F9,Cadre à  personnaliser en bois et peint à  la main.,La ronde des couleurs,Cadres filles,,,,,,,,,,,,F9,,,,,,,,,,,,,14.5,,,,,,,,F9,,,,
F10-F10,F10,Cadre à  personnaliser en bois et peint à  la main.,La ronde des couleurs,Cadres filles,,,,,,,,,,,,F10,,,,,,,,,,,,,14.5,,,,,,,,F10,,,,
F11-F11,F11,Cadre à  personnaliser en bois et peint à  la main.,La ronde des couleurs,Cadres filles,,,,,,,,,,,,F11,,,,,,,,,,,,,14.5,,,,,,,,F11,,,,
F12-F12,F12,Cadre à  personnaliser en bois et peint à  la main.,La ronde des couleurs,Cadres filles,,,,,,,,,,,,F12,,,,,,,,,,,,,14.5,,,,,,,,F12,,,,
F13-F13,F13,Cadre à  personnaliser en bois et peint à  la main.,La ronde des couleurs,Cadres filles,,,,,,,,,,,,F13,,,,,,,,,,,,,14.5,,,,,,,,F13,,,,
F14-F14,F14,Cadre à  personnaliser en bois et peint à  la main.,La ronde des couleurs,Cadres filles,,,,,,,,,,,,F14,,,,,,,,,,,,,14.5,,,,,,,,F14,,,,
G1-G1,G1,Cadre à  personnaliser en bois et peint à  la main.,La ronde des couleurs,Cadres garçons,,,,,,,,,,,,G1,,,,,,,,,,,,,14.5,,,,,,,,G1,,,,
G2-G2,G2,Cadre à  personnaliser en bois et peint à  la main.,La ronde des couleurs,Cadres garçons,,,,,,,,,,,,G2,,,,,,,,,,,,,14.5,,,,,,,,G2,,,,
G3-G3,G3,Cadre à  personnaliser en bois et peint à  la main.,La ronde des couleurs,Cadres garçons,,,,,,,,,,,,G3,,,,,,,,,,,,,14.5,,,,,,,,G3,,,,
G4-G4,G4,Cadre à  personnaliser en bois et peint à  la main.,La ronde des couleurs,Cadres garçons,,,,,,,,,,,,G4,,,,,,,,,,,,,14.5,,,,,,,,G4,,,,
G5-G5,G5,Cadre à  personnaliser en bois et peint à  la main.,La ronde des couleurs,Cadres garçons,,,,,,,,,,,,G5,,,,,,,,,,,,,14.5,,,,,,,,G5,,,,
G6-G6,G6,Cadre à  personnaliser en bois et peint à  la main.,La ronde des couleurs,Cadres garçons,,,,,,,,,,,,G6,,,,,,,,,,,,,14.5,,,,,,,,G6,,,,
G7-G7,G7,Cadre à  personnaliser en bois et peint à  la main.,La ronde des couleurs,Cadres garçons,,,,,,,,,,,,G7,,,,,,,,,,,,,14.5,,,,,,,,G7,,,,
G8-G8,G8,Cadre à  personnaliser en bois et peint à  la main.,La ronde des couleurs,Cadres garçons,,,,,,,,,,,,G8,,,,,,,,,,,,,14.5,,,,,,,,G8,,,,
G9-G9,G9,Cadre à  personnaliser en bois et peint à  la main.,La ronde des couleurs,Cadres garçons,,,,,,,,,,,,G9,,,,,,,,,,,,,14.5,,,,,,,,G9,,,,
G10-G10,G10,Cadre à  personnaliser en bois et peint à  la main.,La ronde des couleurs,Cadres garçons,,,,,,,,,,,,G10,,,,,,,,,,,,,14.5,,,,,,,,G10,,,,
G11-G11,G11,Cadre à  personnaliser en bois et peint à  la main.,La ronde des couleurs,Cadres garçons,,,,,,,,,,,,G11,,,,,,,,,,,,,14.5,,,,,,,,G11,,,,
G12-G12,G12,Cadre à  personnaliser en bois et peint à  la main.,La ronde des couleurs,Cadres garçons,,,,,,,,,,,,G12,,,,,,,,,,,,,14.5,,,,,,,,G12,,,,
G13-G13,G13,Cadre à  personnaliser en bois et peint à  la main.,La ronde des couleurs,Cadres garçons,,,,,,,,,,,,G13,,,,,,,,,,,,,14.5,,,,,,,,G13,,,,
G14-G14,G14,Cadre à  personnaliser en bois et peint à  la main.,La ronde des couleurs,Cadres garçons,,,,,,,,,,,,G14,,,,,,,,,,,,,14.5,,,,,,,,G14,,,,
G15-G15,G15,Cadre à  personnaliser en bois et peint à  la main.,La ronde des couleurs,Cadres garçons,,,,,,,,,,,,G15,,,,,,,,,,,,,14.5,,,,,,,,G15,,,,
G16-G16,G16,Cadre à  personnaliser en bois et peint à  la main.,La ronde des couleurs,Cadres garçons,,,,,,,,,,,,G16,,,,,,,,,,,,,14.5,,,,,,,,G16,,,,
701-Croix-Christ-Réssuscité-jaune,Croix Christ Réssuscité jaune,Croix en bois et peinte à  la main.,La ronde des couleurs,Croix Christ Réssuscité,,,,,,,,,,,,701,,,,,,,,,,,,,5.6,,,,,,,,Croix Christ Réssuscité jaune,,,,
702-Croix-Christ-Réssuscité-bleue,Croix Christ Réssuscité bleue,Croix en bois peinte à  la main.,La ronde des couleurs,Croix Christ Réssuscité,,,,,,,,,,,,702,,,,,,,,,,,,,5.6,,,,,,,,Croix Christ Réssuscité bleue,,,,
705-Croix-Berger-bleue-ciel,Croix Berger bleue ciel,Croix en bois et peinte à  la main.,La ronde des couleurs,Croix Bergers,,,,,,,,,,,,705,,,,,,,,,,,,,5.6,,,,,,,,Croix Berger bleue ciel,,,,
811-Croix-Philippines,Croix Philippines,Croix en bois et peinte à  la main.,La ronde des couleurs,Croix Paysages,,,,,,,,,,,,811,,,,,,,,,,,,,5.9,,,,,,,,Croix Philippines,,,,
812-Croix-Jésus-avec-enfants-nuit,Croix Jésus avec enfants nuit,Croix en bois et peinte à  la main.,La ronde des couleurs,Croix Paysages,,,,,,,,,,,,812,,,,,,,,,,,,,6.2,,,,,,,,Croix Jésus avec enfants nuit,,,,
813-Croix-Jésus-avec-enfants-jour,Croix Jésus avec enfants jour,Croix en bois et peinte à  la main.,La ronde des couleurs,Croix Paysages,,,,,,,,,,,,813,,,,,,,,,,,,,6.2,,,,,,,,Croix Jésus avec enfants jour,,,,
750-Croix-Sacré-Coeur-14,5cm,Croix Sacré Coeur 14,5cm,Croix en bois peinte à  la main.,La ronde des couleurs,Croix d'Amour,,,,,,,,,,,,750,,,,,,,,,,,,,5.8,,,,,,,,Croix Sacré Coeur 14,5cm,,,,
751-Croix-Soleil-Fleurs-rouges-14,5cm,Croix Soleil Fleurs rouges 14,5cm,Croix en bois peinte à  la main.,La ronde des couleurs,Croix d'Amour,,,,,,,,,,,,751,,,,,,,,,,,,,5.8,,,,,,,,Croix Soleil Fleurs rouges 14,5cm,,,,
752-Croix-Soleil-Fleurs-bleues-14,5cm,Croix Soleil Fleurs bleues 14,5cm,Croix en bois peinte à  la main.,La ronde des couleurs,Croix d'Amour,,,,,,,,,,,,752,,,,,,,,,,,,,5.8,,,,,,,,Croix Soleil Fleurs bleues 14,5cm,,,,
753-Croix-Communion-14,5cm,Croix Communion 14,5cm,Croix en bois peinte à  la main.,La ronde des couleurs,Croix d'Amour,,,,,,,,,,,,753,,,,,,,,,,,,,5.8,,,,,,,,Croix Communion 14,5cm,,,,
754-Croix-Coeur-Fleurs-bleues-14,5cm,Croix Coeur Fleurs bleues 14,5cm,Croix en bois peinte à  la main.,La ronde des couleurs,Croix d'Amour,,,,,,,,,,,,754,,,,,,,,,,,,,5.8,,,,,,,,Croix Coeur Fleurs bleues 14,5cm,,,,
755-Croix-Coeur-Fleurs-rouges-14,5cm,Croix Coeur Fleurs rouges 14,5cm,Croix en bois peinte à  la main.,La ronde des couleurs,Croix d'Amour,,,,,,,,,,,,755,,,,,,,,,,,,,5.8,,,,,,,,Croix Coeur Fleurs rouges 14,5cm,,,,
756-Croix-Fleurs-bleues-14,5cm,Croix Fleurs bleues 14,5cm,Croix en bois peinte à  la main.,La ronde des couleurs,Croix d'Amour,,,,,,,,,,,,756,,,,,,,,,,,,,5.8,,,,,,,,Croix Fleurs bleues 14,5cm,,,,
760-Croix-Coeur-Fleurs-rouges-10cm,Croix Coeur Fleurs rouges 10cm,Croix en bois peinte à  la main.,La ronde des couleurs,Croix d'Amour,,,,,,,,,,,,760,,,,,,,,,,,,,3.9,,,,,,,,Croix Coeur Fleurs rouges 10cm,,,,
761-Croix-Coeur-Fleurs-bleues-10cm,Croix Coeur Fleurs bleues 10cm,Croix en bois peinte à  la main.,La ronde des couleurs,Croix d'Amour,,,,,,,,,,,,761,,,,,,,,,,,,,3.9,,,,,,,,Croix Coeur Fleurs bleues 10cm,,,,
762-Croix-Soleil-Fleurs-rouges-10cm,Croix Soleil Fleurs rouges 10cm,Croix en bois peinte à  la main.,La ronde des couleurs,Croix d'Amour,,,,,,,,,,,,762,,,,,,,,,,,,,3.9,,,,,,,,Croix Soleil Fleurs rouges 10cm,,,,
763-Croix-Soleil-fleurs-bleues-10cm,Croix Soleil fleurs bleues 10cm,Croix en bois peinte à  la main.,La ronde des couleurs,Croix d'Amour,,,,,,,,,,,,763,,,,,,,,,,,,,3.9,,,,,,,,Croix Soleil fleurs bleues 10cm,,,,
764-Croix-3-Fleurs-bleues-10cm,Croix 3 Fleurs bleues 10cm,Croix en bois peinte à  la main.,La ronde des couleurs,Croix d'Amour,,,,,,,,,,,,764,,,,,,,,,,,,,3.9,,,,,,,,Croix 3 Fleurs bleues 10cm,,,,
765-Croix-Fleurs-rouges-10cm,Croix Fleurs rouges 10cm,Croix en bois peinte à  la main.,La ronde des couleurs,Croix d'Amour,,,,,,,,,,,,765,,,,,,,,,,,,,3.9,,,,,,,,Croix Fleurs rouges 10cm,,,,
766-Croix-2-Fleurs-bleues-10cm,Croix 2 Fleurs bleues 10cm,Croix en bois peinte à  la main.,La ronde des couleurs,Croix d'Amour,,,,,,,,,,,,766,,,,,,,,,,,,,3.9,,,,,,,,Croix 2 Fleurs bleues 10cm,,,,
651-Crèche-tournée-1,Crèche tournée 1,,La ronde des couleurs,Crèche Tournée,,,,,,,,,,,,651,,,,,,,,,,,,,14.6,,,,,,,,Crèche tournée 1,,,,
652-Crèche-tournée-2,Crèche tournée 2,Crèche en bois et peinte à  la main. Livré avec une boite.,La ronde des couleurs,Crèche Tournée,,,,,,,,,,,,652,,,,,,,,,,,,,14.6,,,,,,,,Crèche tournée 2,,,,
653-Crèche-tournée-3,Crèche tournée 3,Crèche en bois et peinte à  la main.,La ronde des couleurs,Crèche Tournée,,,,,,,,,,,,653,,,,,,,,,,,,,14.6,,,,,,,,Crèche tournée 3,,,,
650-Etable-à -assembler,Etable à  assembler,Etable montable/démontable, en bois naturel.,La ronde des couleurs,Crèche Tournée,,,,,,,,,,,,650,,,,,,,,,,,,,10.5,,,,,,,,Etable à  assembler,,,,
654-Rois-Mages-tournés,Rois Mages tournés,Ces personnages sont en bois et peints à  la main.,La ronde des couleurs,Crèche Tournée,,,,,,,,,,,,654,,,,,,,,,,,,,11.1,,,,,,,,Rois Mages tournés,,,,
960-Sainte-Marie,-fond-blanc,Sainte Marie, fond blanc,Décoration murale en bois et peinte à  la main. Livré avec une boite.,La ronde des couleurs,Classiques,,,,,,,,,,,,960,,,,,,,,,,,,,7.3,,,,,,,,Sainte Marie, fond blanc,,,,
961-Sainte-Marie-et-Jésus,-fond-bleu,Sainte Marie et Jésus, fond bleu,Décoration murale en bois et peinte à  la main.,La ronde des couleurs,Classiques,,,,,,,,,,,,961,,,,,,,,,,,,,8.5,,,,,,,,Sainte Marie et Jésus, fond bleu,,,,
962-Sainte-Famille,-fond-bleu,Sainte Famille, fond bleu,Décoration murale en bois et peinte à  la main. Livré dans une boite.,La ronde des couleurs,Classiques,,,,,,,,,,,,962,,,,,,,,,,,,,8.6,,,,,,,,Sainte Famille, fond bleu,,,,
970-Colombe,-fond-bleu,Colombe, fond bleu,Décoration murale en bois et peinte à  la main. Livré avec une boite.,La ronde des couleurs,Classiques,,,,,,,,,,,,970,,,,,,,,,,,,,6.1,,,,,,,,Colombe, fond bleu,,,,
975-Ange-bleu,Ange bleu,Décoration murale en bois et peinte à  la main.,La ronde des couleurs,Classiques,,,,,,,,,,,,975,,,,,,,,,,,,,6.1,,,,,,,,Ange bleu,,,,
976-Ange-rose,Ange rose,Décoration murale en bois et peinte à  la main. Livré avec une boite.,La ronde des couleurs,Classiques,,,,,,,,,,,,976,,,,,,,,,,,,,6.1,,,,,,,,Ange rose,,,,
571-Chapelet-bois-bleu,Chapelet bois bleu,Chapelet en bois naturel, vendu par lot de 6 uniquement.,La ronde des couleurs,Chapelets et Dizainiers bois,,,,,,,,,,,,571,,,,,,,,,,,,,17.1,,,,,,,,Chapelet bois bleu,,,,
572-Chapelet-bois-vert,Chapelet bois vert,Chapelet en bois naturel, vendu par lot de 6 uniquement.,La ronde des couleurs,Chapelets et Dizainiers bois,,,,,,,,,,,,572,,,,,,,,,,,,,17.1,,,,,,,,Chapelet bois vert,,,,
573-Chapelet-bois-rouge,Chapelet bois rouge,Chapelet en bois naturel, vendu par lot de 6 uniquement.,La ronde des couleurs,Chapelets et Dizainiers bois,,,,,,,,,,,,573,,,,,,,,,,,,,17.1,,,,,,,,Chapelet bois rouge,,,,
581-Dizainier-bois-bleu,Dizainier bois bleu,Dizainier en bois naturel, vendu par lot de 6 uniquement. Prix unit.:1,8e,La ronde des couleurs,Chapelets et Dizainiers bois,,,,,,,,,,,,581,,,,,,,,,,,,,11.7,,,,,,,,Dizainier bois bleu,,,,
582-Dizainier-bois-vert,Dizainier bois vert,Dizainier en bois naturel, vendu par lot de 6 uniquement. Prix unit.:1,8e,La ronde des couleurs,Chapelets et Dizainiers bois,,,,,,,,,,,,582,,,,,,,,,,,,,11.7,,,,,,,,Dizainier bois vert,,,,
583-Dizainier-bois-rouge,Dizainier bois rouge,Dizainier en bois naturel, vendu par lot de 6 uniquement. Prix unit.: 1,8e,La ronde des couleurs,Chapelets et Dizainiers bois,,,,,,,,,,,,583,,,,,,,,,,,,,11.7,,,,,,,,Dizainier bois rouge,,,,
1001-Bracelet-chapelet-jaune,Bracelet-chapelet jaune,Bracelet en bois naturel, vendu par lot de 6 uniquement. Prix Unit.: 1,53e,La ronde des couleurs,Chapelets et Dizainiers bois,,,,,,,,,,,,1001,,,,,,,,,,,,,1.7,,,,,,,,Bracelet-chapelet jaune,,,,
1002-Bracelet-chapelet-vert,Bracelet-chapelet vert,Bracelet en bois naturel, vendu par lot de 6 uniquement. Prix Unit. 1,53e.,La ronde des couleurs,Chapelets et Dizainiers bois,,,,,,,,,,,,1002,,,,,,,,,,,,,1.7,,,,,,,,Bracelet-chapelet vert,,,,
1003-Bracelet-chapelet-rose,Bracelet-chapelet rose,Bracelet en bois naturel, vendu par lot de 6 uniquement. Prix unit. 1,53e.,La ronde des couleurs,Chapelets et Dizainiers bois,,,,,,,,,,,,1003,,,,,,,,,,,,,1.7,,,,,,,,Bracelet-chapelet rose,,,,
656-Bergers-tournés,Bergers tournés,Bergers en bois tourné et peints à  la main. Livré dans une boite.,La ronde des couleurs,Crèche Tournée,,,,,,,,,,,,656,,,,,,,,,,,,,8.85,,,,,,,,Bergers tournés,,,,
657-Set-3-moutons-tournés,Set 3 moutons tournés,Set 3 moutons tournés en bois et peints à  la main. Livré dans une boite.,La ronde des couleurs,Crèche Tournée,,,,,,,,,,,,657,,,,,,,,,,,,,9.2,,,,,,,,Set 3 moutons tournés,,,,
"859-Prière-""Ange-Gardien""-bleu,Prière ""Ange Gardien"" bleu,Prière en bois et peinte à  la main. Trou au dos.,La ronde des couleurs,Plaquettes prières,,,,,,,,,,,,859,,,,,,,,,,,,,5.9,,,,,,,,Prière ""Ange Gardien"" bleu,,,,"
"858-Prière-""Ange-Gardien""-rose,Prière ""Ange Gardien"" rose,Prière en bois et peinte à  la main. Trou au dos.,La ronde des couleurs,Plaquettes prières,,,,,,,,,,,,858,,,,,,,,,,,,,5.9,,,,,,,,Prière ""Ange Gardien"" rose,,,,"
420-Croix-calice-turquoise,Croix calice turquoise,Croix en bois et peinte à  la main. Livrée dans une boite et avec un texte-prière. Dimension: 9x9cm,La ronde des couleurs,Croix Mosaiques,,,,,,,,,,,,420,,,,,,,,,,,,,6.3,,,,,,,,Croix calice turquoise,,,,
421-Croix-calice-orange,Croix calice orange,Croix en bois et peinte à  la main. Livrée dans une boite et avec un texte-prière. Dimension: 9x9cm,La ronde des couleurs,Croix Mosaiques,,,,,,,,,,,,421,,,,,,,,,,,,,6.3,,,,,,,,Croix calice orange,,,,
422-Croix-Esprit-Saint-bleue,Croix Esprit Saint bleue,Croix en bois et peinte à  la main. Livrée dans une boite et avec un texte-prière. Dimension: 9x9cm,La ronde des couleurs,Croix Mosaiques,,,,,,,,,,,,422,,,,,,,,,,,,,6.3,,,,,,,,Croix Esprit Saint bleue,,,,
423-Croix-Esprit-Saint-violine,Croix Esprit Saint violine,Croix en bois et peinte à  la main. Livrée dans une boite et avec un texte-prière. Dimension: 9x9cm,La ronde des couleurs,Croix Mosaiques,,,,,,,,,,,,423,,,,,,,,,,,,,6.3,,,,,,,,Croix Esprit Saint violine,,,,
424-Croix-Résurrection-bleue,Croix Résurrection bleue,Croix en bois et peinte à  la main. Livrée dans une boite et avec un texte-prière. Dimension: 9x9cm,La ronde des couleurs,Croix Mosaiques,,,,,,,,,,,,424,,,,,,,,,,,,,6.3,,,,,,,,Croix Résurrection bleue,,,,
425-Croix-Résurrection-rouge,Croix Résurrection rouge,Croix en bois et peinte à  la main. Livrée dans une boite et avec un texte-prière. Dimension: 9x9cm,La ronde des couleurs,Croix Mosaiques,,,,,,,,,,,,425,,,,,,,,,,,,,6.3,,,,,,,,Croix Résurrection rouge,,,,
815-Croix-Eau-Vive,Croix Eau Vive,Décoration murale en bois et peinte à  la main.,La ronde des couleurs,Croix Paysages,,,,,,,,,,,,815,,,,,,,,,,,,,5.9,,,,,,,,Croix Eau Vive,,,,
875-Socle-garçon-métisse,Socle garçon métisse,Socle en bois et peint à  la main dans notre atelier.,La ronde des couleurs,Socles,,,,,,,,,,,,875,,,,,,,,,,,,,3.95,,,,,,,,Socle garçon métisse,,,,
876-Socle-fillette-métisse,Socle fillette métisse,Socle en bois et peint à  la main dans notre atelier.,La ronde des couleurs,Socles,,,,,,,,,,,,876,,,,,,,,,,,,,3.95,,,,,,,,Socle fillette métisse,,,,
857-Je-Vous-Salue-Marie-bleue,Je Vous Salue Marie bleue,Prière en bois et peinte à  la main dans notre atelier.,La ronde des couleurs,Plaquettes prières,,,,,,,,,,,,857,,,,,,,,,,,,,5.9,,,,,,,,Je Vous Salue Marie bleue,,,,
963-Vierge-à -l'enfant,-fond-bleu,Vierge à  l'enfant, fond bleu,Décoration murale en bois et peinte à  la main.,La ronde des couleurs,Classiques,,,,,,,,,,,,963,,,,,,,,,,,,,8.5,,,,,,,,Vierge à  l'enfant, fond bleu,,,,
977-Communiant,Communiant,Décoration murale en bois et peinte à  la main.,La ronde des couleurs,Classiques,,,,,,,,,,,,977,,,,,,,,,,,,,7.3,,,,,,,,Communiant,,,,
978-Communiante,Communiante,Décoration murale en bois et peinte à  la main.,La ronde des couleurs,Classiques,,,,,,,,,,,,978,,,,,,,,,,,,,7.3,,,,,,,,Communiante,,,,
920-Ange-prière-mauve,Ange prière mauve,Décoration murale en bois et peinte à  la main.,La ronde des couleurs,Anges Gardiens,,,,,,,,,,,,920,,,,,,,,,,,,,7.6,,,,,,,,Ange prière mauve,,,,
921-Ange-bouquet-rose,Ange bouquet rose,Décoration murale en bois et peinte à  la main.,La ronde des couleurs,Anges Gardiens,,,,,,,,,,,,921,,,,,,,,,,,,,7.6,,,,,,,,Ange bouquet rose,,,,
922-Ange-Amour-orange,Ange Amour orange,Décoration murale en bois et peinte à  la main.,La ronde des couleurs,Anges Gardiens,,,,,,,,,,,,922,,,,,,,,,,,,,7.6,,,,,,,,Ange Amour orange,,,,
923-Ange-bougie-bleu,Ange bougie bleu,Décoration murale en bois et peinte à  la main.,La ronde des couleurs,Anges Gardiens,,,,,,,,,,,,923,,,,,,,,,,,,,7.6,,,,,,,,Ange bougie bleu,,,,
930-Mobile-anges,Mobile anges,Mobile en bois et peint à  la main dans notre atelier.,La ronde des couleurs,Anges Gardiens,,,,,,,,,,,,930,,,,,,,,,,,,,16.5,,,,,,,,Mobile anges,,,,
655-Set-3-dromadaires,Set 3 dromadaires,En bois naturel et peint à  la main, chaque dromadaire est assorti à  un des rois mages (ref954),La ronde des couleurs,Crèche Tournée,,,,,,,,,,,,655,,,,,,,,,,,,,11.6,,,,,,,,Set 3 dromadaires,,,,
1011-Bracelet-chapelet-fleurs-jaune,Bracelet-chapelet fleurs jaune,Bracelet chapelet avec fleur, en bois naturel. Vendu par lot de 6. Prix Unit. 1,53e.,La ronde des couleurs,Chapelets et Dizainiers bois,,,,,,,,,,,,1011,,,,,,,,,,,,,1.7,,,,,,,,Bracelet-chapelet fleurs jaune,,,,
816-Croix-Arbre-de-Vie,Croix Arbre de Vie,Croix en bois et peinte à  la main.,La ronde des couleurs,Croix Paysages,,,,,,,,,,,,816,,,,,,,,,,,,,6.2,,,,,,,,Croix Arbre de Vie,,,,
203-Mobile-Arche-de-Noé,Mobile Arche de Noé,Mobile en bois et peint à  la main.,La ronde des couleurs,Thème Arche de Noé,,,,,,,,,,,,203,,,,,,,,,,,,,16.5,,,,,,,,Mobile Arche de Noé,,,,
"661-Coeur-Orange-""La-Colombe-de-la-Paix"",Coeur Orange ""La Colombe de la Paix"",Décoration à  suspendre en bois naturel et peinte à  la main.,La ronde des couleurs,Etoiles Coeurs Cloches,,,,,,,,,,,,661,,,,,,,,,,,,,2.95,,,,,,,,Coeur Orange ""La Colombe de la Paix"",,,,"
"660-Cloche-rouge-""Bethléem"",Cloche rouge ""Bethléem"",Décoration à  suspendre en bois naturel et peinte à  la main.,La ronde des couleurs,Etoiles Coeurs Cloches,,,,,,,,,,,,660,,,,,,,,,,,,,2.95,,,,,,,,Cloche rouge ""Bethléem"",,,,"
"662-Lune-rouge-""Les-Anges-de-Noël"",Lune rouge ""Les Anges de Noël"",Décoration à  suspendre en bois naturel et peinte à  la main.,La ronde des couleurs,Etoiles Coeurs Cloches,,,,,,,,,,,,662,,,,,,,,,,,,,2.95,,,,,,,,Lune rouge ""Les Anges de Noël"",,,,"
"663-Lune-verte-""Les-Anges-de-Noël"",Lune verte ""Les Anges de Noël"",Décoration à  suspendre en bois naturel et peinte à  la main.,La ronde des couleurs,Etoiles Coeurs Cloches,,,,,,,,,,,,663,,,,,,,,,,,,,2.95,,,,,,,,Lune verte ""Les Anges de Noël"",,,,"
"664-Coeur-fushia-""Les-Rois-Mages"",Coeur fushia ""Les Rois Mages"",Décoration à  suspendre en bois naturel et peinte à  la main.,La ronde des couleurs,Etoiles Coeurs Cloches,,,,,,,,,,,,664,,,,,,,,,,,,,2.95,,,,,,,,Coeur fushia ""Les Rois Mages"",,,,"
"665-Coeur-orange-""Les-Rois-Mages"",Coeur orange ""Les Rois Mages"",Décoration à  suspendre en bois naturel et peinte à  la main.,La ronde des couleurs,Etoiles Coeurs Cloches,,,,,,,,,,,,665,,,,,,,,,,,,,2.95,,,,,,,,Coeur orange ""Les Rois Mages"",,,,"
"666-Etoile-bleue-""Sainte-Famille"",Etoile bleue ""Sainte Famille"",Décoration à  suspendre en bois naturel et peinte à  la main.,La ronde des couleurs,Etoiles Coeurs Cloches,,,,,,,,,,,,666,,,,,,,,,,,,,2.95,,,,,,,,Etoile bleue ""Sainte Famille"",,,,"
"667-Etoile-verte-""Sainte-Famille"",Etoile verte ""Sainte Famille"",Décoration à  suspendre en bois naturel et peinte à  la main.,La ronde des couleurs,Etoiles Coeurs Cloches,,,,,,,,,,,,667,,,,,,,,,,,,,2.95,,,,,,,,Etoile verte ""Sainte Famille"",,,,"
"668-Etoile-fushia-""Sainte-Famille"",Etoile fushia ""Sainte Famille"",Décoration à  suspendre en bois naturel et peinte à  la main.,La ronde des couleurs,Etoiles Coeurs Cloches,,,,,,,,,,,,668,,,,,,,,,,,,,2.95,,,,,,,,Etoile fushia ""Sainte Famille"",,,,"
"669-Cloche-bleue-""L'étoile-des-Bergers"",Cloche bleue ""L'étoile des Bergers"",Décoration à  suspendre en bois naturel et peinte à  la main.,La ronde des couleurs,Etoiles Coeurs Cloches,,,,,,,,,,,,669,,,,,,,,,,,,,2.95,,,,,,,,Cloche bleue ""L'étoile des Bergers"",,,,"
670-Présentoir-sapin-bois-naturel,Présentoir sapin bois naturel,Présentoir en bois naturel, permet de suspendre des sujets des deux cotés. Offert pour l'achat de 40 sujets à  suspendre.,La ronde des couleurs,Etoiles Coeurs Cloches,,,,,,,,,,,,670,,,,,,,,,,,,,18,,,,,,,,Présentoir sapin bois naturel,,,,
658-Boite-2-anges-tournés,Boite 2 anges tournés,Boite contenant deux anges en bois tourné et peints à  la main.,La ronde des couleurs,Crèche Tournée,,,,,,,,,,,,658,,,,,,,,,,,,,9.3,,,,,,,,Boite 2 anges tournés,,,,
460-Croix-Colombe-rose,Croix Colombe rose,NOUVEAU DESSIN. Croix en bois naturel et peinte à  la main.,La ronde des couleurs,Croix Baptêmes,,,,,,,,,,,,460,,,,,,,,,,,,,5,,,,,,,,Croix Colombe rose,,,,
461-Croix-Colombe-beige,Croix Colombe beige,NOUVEAU DESSIN. Croix en bois peinte à  la main.,La ronde des couleurs,Croix Baptêmes,,,,,,,,,,,,461,,,,,,,,,,,,,5,,,,,,,,Croix Colombe beige,,,,
462-Croix-Colombe-bleue,Croix Colombe bleue,NOUVEAU DESSIN. Croix en bois peinte à  la main.,La ronde des couleurs,Croix Baptêmes,,,,,,,,,,,,462,,,,,,,,,,,,,5,,,,,,,,Croix Colombe bleue,,,,
470-Croix-Jésus-bleue,Croix Jésus bleue,Croix en bois peinte à  la main.,La ronde des couleurs,Croix Baptêmes,,,,,,,,,,,,470,,,,,,,,,,,,,5,,,,,,,,Croix Jésus bleue,,,,
471-Croix-Jésus-marron-dorée,Croix Jésus marron-dorée,Croix en bois peinte à  la main.,La ronde des couleurs,Croix Baptêmes,,,,,,,,,,,,471,,,,,,,,,,,,,5,,,,,,,,Croix Jésus marron-dorée,,,,
480-Croix-Agneau-bleue,Croix Agneau bleue,Croix en bois peinte à  la main.,La ronde des couleurs,Croix Baptêmes,,,,,,,,,,,,480,,,,,,,,,,,,,5,,,,,,,,Croix Agneau bleue,,,,
481-Croix-Agneau-rose,Croix Agneau rose,Croix en bois peinte à  la main.,La ronde des couleurs,Croix Baptêmes,,,,,,,,,,,,481,,,,,,,,,,,,,5,,,,,,,,Croix Agneau rose,,,,
482-Croix-Agneau-marron-dorée,Croix Agneau marron-dorée,Croix en bois peinte à  la main.,La ronde des couleurs,Croix Baptêmes,,,,,,,,,,,,482,,,,,,,,,,,,,5,,,,,,,,Croix Agneau marron-dorée,,,,
490-Croix-Cierge-beige,Croix Cierge beige,Croix en bois peinte à  la main.,La ronde des couleurs,Croix Baptêmes,,,,,,,,,,,,490,,,,,,,,,,,,,5,,,,,,,,Croix Cierge beige,,,,
817-Croix-Colombe-et-Eglise-Bleue,Croix Colombe et Eglise Bleue,Croix en bois peinte à  la main.,La ronde des couleurs,Croix Paysages,,,,,,,,,,,,817,,,,,,,,,,,,,5.9,,,,,,,,Croix Colombe et Eglise Bleue,,,,
818-Croix-Colombe-et-Eglise-rose,Croix Colombe et Eglise rose,Croix en bois peinte à  la main.,La ronde des couleurs,Croix Paysages,,,,,,,,,,,,818,,,,,,,,,,,,,5.9,,,,,,,,Croix Colombe et Eglise rose,,,,
1301-Croix-Béthanie-Coeur-bleu-sur-bleu,Croix Béthanie Coeur bleu sur bleu,Croix en Grès et en Verre réalisée par une artiste céramiste Franà§aise. 9x9cm.,La ronde des couleurs,Croix Grès-Verre,,,,,,,,,,,,1301,,,,,,,,,,,,,16,,,,,,,,Croix Béthanie Coeur bleu sur bleu,,,,
1302-Croix-Béthanie-Coeur-bleu-sur-bronze,Croix Béthanie Coeur bleu sur bronze,Croix en Grès et en Verre réalisée par une artiste céramiste Franà§aise. 9x9cm.,La ronde des couleurs,Croix Grès-Verre,,,,,,,,,,,,1302,,,,,,,,,,,,,16,,,,,,,,Croix Béthanie Coeur bleu sur bronze,,,,
1303-Croix-Béthanie-Coeur-vert-sur-bronze,Croix Béthanie Coeur vert sur bronze,Croix en Grès et en Verre réalisée par une artiste céramiste Franà§aise. 9x9cm.,La ronde des couleurs,Croix Grès-Verre,,,,,,,,,,,,1303,,,,,,,,,,,,,16,,,,,,,,Croix Béthanie Coeur vert sur bronze,,,,
1304-Croix-Tabor-cuivre-clair,Croix Tabor cuivre clair,Croix en Grès et en Verre réalisée par une artiste céramiste Franà§aise. 9x7cm.,La ronde des couleurs,Croix Grès-Verre,,,,,,,,,,,,1304,,,,,,,,,,,,,14,,,,,,,,Croix Tabor cuivre clair,,,,
1305-Croix-Tabor-Celtique,Croix Tabor Celtique,Croix en Grès et en Verre réalisée par une artiste céramiste Franà§aise. 9x7cm.,La ronde des couleurs,Croix Grès-Verre,,,,,,,,,,,,1305,,,,,,,,,,,,,14,,,,,,,,Croix Tabor Celtique,,,,
639-Noé,Noé,Personnage crèche tournée en bois et peint à  la main. Livré avec boite et texte.,La ronde des couleurs,Crèche Tournée,,,,,,,,,,,,639,,,,,,,,,,,,,5.1,,,,,,,,Noé,,,,
640-Abraham,Abraham,Personnage crèche tournée en bois et peint à  la main. Livré avec boite et texte.,La ronde des couleurs,Crèche Tournée,,,,,,,,,,,,640,,,,,,,,,,,,,5.1,,,,,,,,Abraham,,,,
641-Sarah,Sarah,Personnage crèche tournée en bois et peint à  la main. Livré avec boite et texte.,La ronde des couleurs,Crèche Tournée,,,,,,,,,,,,641,,,,,,,,,,,,,5.1,,,,,,,,Sarah,,,,
635-Chemin-avec-palmier,Chemin avec palmier,Elément de décor de la crèche pour Noé Abraham et Sarah. En bois et peint à  la main. Livré avec boite. Personnages non inclus.,La ronde des couleurs,Crèche Tournée,,,,,,,,,,,,635,,,,,,,,,,,,,6.5,,,,,,,,Chemin avec palmier,,,,
671-Ange-Prière-blanc/doré,Ange Prière blanc/doré,Ange à  suspendre, en bois et peint à  la main. Livré dans un petit sachet avec fibre naturelle.,La ronde des couleurs,Anges dorés,,,,,,,,,,,,671,,,,,,,,,,,,,2.7,,,,,,,,Ange Prière blanc/doré,,,,
672-Ange-Bougie-blanc/doré,Ange Bougie blanc/doré,Ange à  suspendre, en bois et peint à  la main. Livré dans un petit sachet avec fibre naturelle.,La ronde des couleurs,Anges dorés,,,,,,,,,,,,672,,,,,,,,,,,,,2.7,,,,,,,,Ange Bougie blanc/doré,,,,
673-Ange-Etoiles-blanc/doré,Ange Etoiles blanc/doré,Ange à  suspendre, en bois et peint à  la main. Livré dans un petit sachet avec fibre naturelle.,La ronde des couleurs,Anges dorés,,,,,,,,,,,,673,,,,,,,,,,,,,2.7,,,,,,,,Ange Etoiles blanc/doré,,,,
674-Ange-Partage-blanc/doré,Ange Partage blanc/doré,Ange à  suspendre, en bois et peint à  la main. Livré dans un petit sachet avec fibre naturelle.,La ronde des couleurs,Anges dorés,,,,,,,,,,,,674,,,,,,,,,,,,,2.7,,,,,,,,Ange Partage blanc/doré,,,,
675-Ange-Amour-blanc/doré,Ange Amour blanc/doré,Ange à  suspendre, en bois et peint à  la main. Livré dans un petit sachet avec fibre naturelle.,La ronde des couleurs,Anges dorés,,,,,,,,,,,,675,,,,,,,,,,,,,2.7,,,,,,,,Ange Amour blanc/doré,,,,
693-Nativité-bleue-à -poser,Nativité bleue à  poser,Décoration en bois et peinte à  la main. 9x12cm,La ronde des couleurs,Bougeoirs et petites Nativités,,,,,,,,,,,,693,,,,,,,,,,,,,5.9,,,,,,,,Nativité bleue à  poser,,,,
694-Nativité-rouge-à -poser,Nativité rouge à  poser,Décoration en bois et peinte à  la main. 11x14cm,La ronde des couleurs,Bougeoirs et petites Nativités,,,,,,,,,,,,694,,,,,,,,,,,,,7.2,,,,,,,,Nativité rouge à  poser,,,,
698-Bougeoir-Nativité-bleu,Bougeoir Nativité bleu,Bougeoir en bois et peint à  la main, livré avec bougie.,La ronde des couleurs,Bougeoirs et petites Nativités,,,,,,,,,,,,698,,,,,,,,,,,,,5.1,,,,,,,,Bougeoir Nativité bleu,,,,
699-Bougeoir-Anges-rouge,Bougeoir Anges rouge,Bougeoir en bois et peint à  la main, livré avec bougie.,La ronde des couleurs,Bougeoirs et petites Nativités,,,,,,,,,,,,699,,,,,,,,,,,,,5.1,,,,,,,,Bougeoir Anges rouge,,,,
819-Croix-Eglise-et-Soleil,Croix Eglise et Soleil,Croix en bois naturel et peinte à  la main. 15 x 10 cm,La ronde des couleurs,Croix Paysages,,,,,,,,,,,,819,,,,,,,,,,,,,6.2,,,,,,,,Croix Eglise et Soleil,,,,
483-Croix-Agneau-opale,Croix Agneau opale,Croix en bois naturel et peinte à  la main.,La ronde des couleurs,Croix Baptêmes,,,,,,,,,,,,483,,,,,,,,,,,,,5,,,,,,,,Croix Agneau opale,,,,
463-Croix-Colombe-mauve,Croix Colombe mauve,Croix en bois naturel et peinte à  la main.,La ronde des couleurs,Croix Baptêmes,,,,,,,,,,,,463,,,,,,,,,,,,,5,,,,,,,,Croix Colombe mauve,,,,
492-Croix-Eau-Baptême-rose,Croix Eau Baptême rose,Croix en bois et peinte à  la main.,La ronde des couleurs,Croix Baptêmes,,,,,,,,,,,,492,,,,,,,,,,,,,5,,,,,,,,Croix Eau Baptême rose,,,,
493-Croix-Eau-Bapteme-marron-doré,Croix Eau Bapteme marron doré,Croix en bois naturel et peinte à  la main.,La ronde des couleurs,Croix Baptêmes,,,,,,,,,,,,493,,,,,,,,,,,,,5,,,,,,,,Croix Eau Bapteme marron doré,,,,
208-Bougeoir-Arche-de-Noé,Bougeoir Arche de Noé,Bougeoir en bois naturel et peint à  la main, livré avec bougie.,La ronde des couleurs,Croix Arche de Noé,,,,,,,,,,,,208,,,,,,,,,,,,,5.1,,,,,,,,Bougeoir Arche de Noé,,,,
196-Mobile-Enfants-du-Monde-rose,Mobile Enfants du Monde rose,Mobile en bois naturel et peint à  la main. Env 25x35cm.,La ronde des couleurs,Thème Enfants du Monde,,,,,,,,,,,,196,,,,,,,,,,,,,16.5,,,,,,,,Mobile Enfants du Monde rose,,,,
195-Mobile-Enfants-du-Monde-bleu,Mobile Enfants du Monde bleu,Mobile en bois et peint à  la main, env. 25x35cm.,La ronde des couleurs,Thème Enfants du Monde,,,,,,,,,,,,195,,,,,,,,,,,,,16.5,,,,,,,,Mobile Enfants du Monde bleu,,,,
175-Croix-Enfants-du-Monde-35cm,Croix Enfants du Monde 35cm,Croix en bois et peinte à  la main.,La ronde des couleurs,Croix Enfants du Monde,,,,,,,,,,,,175,,,,,,,,,,,,,16.8,,,,,,,,Croix Enfants du Monde 35cm,,,,
181-Bougeoir-Enfants-du-Monde-rose,Bougeoir Enfants du Monde rose,Bougeoir en bois et peint à  la main, livré avec bougie.,La ronde des couleurs,Bougeoirs et petites Nativités,,,,,,,,,,,,181,,,,,,,,,,,,,5.1,,,,,,,,Bougeoir Enfants du Monde rose,,,,
180-Bougeoir-Enfants-du-Monde-bleu,Bougeoir Enfants du Monde bleu,Bougeoir en bois naturel et peint à  la main, livré avec bougie.,La ronde des couleurs,Bougeoirs et petites Nativités,,,,,,,,,,,,180,,,,,,,,,,,,,5.1,,,,,,,,Bougeoir Enfants du Monde bleu,,,,
176-Croix-Enfants-du-Monde-rose,Croix Enfants du Monde rose,Croix en bois naturel et peinte à  la main.,La ronde des couleurs,Croix Enfants du Monde,,,,,,,,,,,,176,,,,,,,,,,,,,16.8,,,,,,,,Croix Enfants du Monde rose,,,,
275-Croix-Arche-de-Noé-35cm,Croix Arche de Noé 35cm,Croix en bois naturel et peint à  la main.,La ronde des couleurs,Croix Arche de Noé,,,,,,,,,,,,275,,,,,,,,,,,,,16.8,,,,,,,,Croix Arche de Noé 35cm,,,,
708-Croix-Berger-rose,Croix Berger rose,Croix en bois et peinte à  la main.,La ronde des couleurs,Croix Bergers,,,,,,,,,,,,708,,,,,,,,,,,,,5.6,,,,,,,,Croix Berger rose,,,,
777-Ange-Nuage-bleu,Ange Nuage bleu,Ange en bois naturel à  personnaliser.,La ronde des couleurs,Nouveautés,,,,,,,,,,,,777,,,,,,,,,,,,,4.05,,,,,,,,Ange Nuage bleu,,,,
780-Présentoir-Etoile,Présentoir Etoile,Présentoir en bois pour anges à  personnaliser. Offert à  l'achat de 40 anges. Stylo doré inclus.,La ronde des couleurs,Présentoirs,,,,,,,,,,,,780,,,,,,,,,,,,,15,,,,,,,,Présentoir Etoile,,,,
642-Moïse,Moïse,Personnage crèche tournée en bois et peint à  la main. Livré avec boite et texte.,La ronde des couleurs,Crèche Tournée,,,,,,,,,,,,642,,,,,,,,,,,,,5.1,,,,,,,,Moïse,,,,
643-Déborah,Déborah,Personnage crèche tournée en bois et peint à  la main. Livré avec boite et texte.,La ronde des couleurs,Crèche Tournée,,,,,,,,,,,,643,,,,,,,,,,,,,5.1,,,,,,,,Déborah,,,,
644-Ruth,Ruth,Personnage crèche tournée en bois et peint à  la main. Livré avec boite et texte.,La ronde des couleurs,Crèche Tournée,,,,,,,,,,,,644,,,,,,,,,,,,,5.1,,,,,,,,Ruth,,,,
636-Chemin-avec-palmier-2,Chemin avec palmier 2,Elément de décor de la crèche pour Moà¯se Déborah et Ruth. En bois et peint à  la main. Livré avec boite. Personnages non inclus.,La ronde des couleurs,Crèche Tournée,,,,,,,,,,,,636,,,,,,,,,,,,,6.5,,,,,,,,Chemin avec palmier 2,,,,
770-Ange-rose-1,Ange rose 1,Ange en bois naturel à  personnaliser.,La ronde des couleurs,Nouveautés,,,,,,,,,,,,770,,,,,,,,,,,,,4.05,,,,,,,,Ange rose 1,,,,
771-Ange-vert-1,Ange vert 1,Ange en bois naturel à  personnaliser.,La ronde des couleurs,Anges et Colombes à Personnaliser,,,,,,,,,,,,771,,,,,,,,,,,,,4.05,,,,,,,,Ange vert 1,,,,
772-Ange-bleu-1,Ange bleu 1,Ange en bois naturel à  personnaliser.,La ronde des couleurs,Nouveautés,,,,,,,,,,,,772,,,,,,,,,,,,,4.05,,,,,,,,Ange bleu 1,,,,
773-Ange-mauve-1,Ange mauve 1,Ange en bois naturel à  personnaliser.,La ronde des couleurs,Anges et Colombes à Personnaliser,,,,,,,,,,,,773,,,,,,,,,,,,,4.05,,,,,,,,Ange mauve 1,,,,
776-Ange-mauve-2,Ange mauve 2,Ange en bois naturel à  personnaliser.,La ronde des couleurs,Anges et Colombes à Personnaliser,,,,,,,,,,,,776,,,,,,,,,,,,,4.05,,,,,,,,Ange mauve 2,,,,
775-Ange-rose-2,Ange rose 2,Ange en bois naturel à  personnaliser.,La ronde des couleurs,Nouveautés,,,,,,,,,,,,775,,,,,,,,,,,,,4.05,,,,,,,,Ange rose 2,,,,
774-Ange-vert-2,Ange vert 2,Ange en bois naturel à  personnaliser.,La ronde des couleurs,Anges et Colombes à Personnaliser,,,,,,,,,,,,774,,,,,,,,,,,,,4.05,,,,,,,,Ange vert 2,,,,
781-Stylo-doré-2mm,Stylo doré 2mm,Stylo doré pour anges à  personnaliser. Offert avec le présentoir.,La ronde des couleurs,Anges et Colombes à Personnaliser,,,,,,,,,,,,781,,,,,,,,,,,,,2.1,,,,,,,,Stylo doré 2mm,,,,
860-Prière-de-Noël,Prière de Noël,Belle prière sur le thème de Noël, peinte à  la main.,La ronde des couleurs,Plaquettes prières,,,,,,,,,,,,860,,,,,,,,,,,,,5.9,,,,,,,,Prière de Noël,,,,
697-Bougeoir-Nativité-rouge,Bougeoir Nativité rouge,Bougeoir en bois et peint à  la main, livré avec bougie.,La ronde des couleurs,Bougeoirs et petites Nativités,,,,,,,,,,,,697,,,,,,,,,,,,,5.1,,,,,,,,Bougeoir Nativité rouge,,,,
695-Nativité-à -poser-avec-mangeoir-réversible,Nativité à  poser avec mangeoir réversible,Petite crèche à  poser avec la mangeoir qui est réversible: vide avant Noël puis en la retournant, Jésus apparait.,La ronde des couleurs,Bougeoirs et petites Nativités,,,,,,,,,,,,695,,,,,,,,,,,,,7.85,,,,,,,,Nativité à  poser avec mangeoir réversible,,,,
821-Croix-Papillons-et-Arc-en-ciel,Croix Papillons et Arc en ciel,Croix en bois natuerl et peinte à  la main.,La ronde des couleurs,Nouveautés,,,,,,,,,,,,821,,,,,,,,,,,,,5.9,,,,,,,,Croix Papillons et Arc en ciel,,,,
822-Croix-Papillons,Croix Papillons,Croix en bois naturel et peinte à  la main.,La ronde des couleurs,Nouveautés,,,,,,,,,,,,822,,,,,,,,,,,,,5.9,,,,,,,,Croix Papillons,,,,
349-Présentoir-lettres-Bapteme,Présentoir lettres Bapteme,Présentoir en bois livré avec 168 lettres soit 1,44e/lettre,La ronde des couleurs,Nouveautés,,,,,,,,,,,,349,,,,,,,,,,,,,241.92,,,,,,,,Présentoir lettres Bapteme,,,,
350-Lot-5-lettres-A,Lot 5 lettres A,Lettres en bois naturel et peintes à  la main.,La ronde des couleurs,Lettres en bois,,,,,,,,,,,,350,,,,,,,,,,,,,7.2,,,,,,,,Lot 5 lettres A,,,,
982-Ste-Marie-et-Jésus-bois-bleu,Ste Marie et Jésus bois bleu,Bas relief peint à  la main avec une partie en bois naturel.,La ronde des couleurs,Nouveautés,,,,,,,,,,,,982,,,,,,,,,,,,,8.1,,,,,,,,Ste Marie et Jésus bois bleu,,,,
985-Ste-Famille-bois-bleu,Ste Famille bois bleu,Bas relief peint à  la main avec une partie en bois naturel.,La ronde des couleurs,Nouveautés,,,,,,,,,,,,985,,,,,,,,,,,,,8.5,,,,,,,,Ste Famille bois bleu,,,,
984-Ste-Famille-bois-turquoise,Ste Famille bois turquoise,Bas relief peint à  la main avec une partie en bois naturel.,La ronde des couleurs,Nouveautés,,,,,,,,,,,,984,,,,,,,,,,,,,8.5,,,,,,,,Ste Famille bois turquoise,,,,
720-Statuette-Marie-et-Jésus,Statuette Marie et Jésus,Petite statue en bois naturel et peinte à  la main.,La ronde des couleurs,Nouveautés,,,,,,,,,,,,720,,,,,,,,,,,,,8.6,,,,,,,,Statuette Marie et Jésus,,,,
722-Statuette-Marie-prière,Statuette Marie prière,Petite statue en bois naturel et peinte à  la main.,La ronde des couleurs,Nouveautés,,,,,,,,,,,,722,,,,,,,,,,,,,8.6,,,,,,,,Statuette Marie prière,,,,
721-Statuette-Marie-accueil,Statuette Marie accueil,Petite statue en bois naturel et peinte à  la main.,La ronde des couleurs,Nouveautés,,,,,,,,,,,,721,,,,,,,,,,,,,3.1,,,,,,,,Statuette Marie accueil,,,,
823-Croix-église-et-chant,Croix église et chant,Croix en bois et peinte à  la main.,La ronde des couleurs,Nouveautés,,,,,,,,,,,,823,,,,,,,,,,,,,5.9,,,,,,,,Croix église et chant,,,,
"250-Croix-""Tu-es-mon-guide""-blanc,Croix ""Tu es mon guide"" blanc,Croix en bois naturel et peinte à  la main. Dim 11x7,5cm,La ronde des couleurs,Nouveautés,,,,,,,,,,,,250,,,,,,,,,,,,,5.6,,,,,,,,Croix ""Tu es mon guide"" blanc,,,,"
"251-Croix-""Allégresse-de-la-vie""-blanc,Croix ""Allégresse de la vie"" blanc,Croix en bois naturel et peinte à  la main. Dim 11x7,5cm,La ronde des couleurs,Nouveautés,,,,,,,,,,,,251,,,,,,,,,,,,,5.6,,,,,,,,Croix ""Allégresse de la vie"" blanc,,,,"
"252-Croix-""Reçois-ma-prière"",Croix ""Reçois ma prière"",Croix en bois naturel et peinte à  la main. Dim 11x7,5cm,La ronde des couleurs,Nouveautés,,,,,,,,,,,,252,,,,,,,,,,,,,5.6,,,,,,,,Croix ""Reçois ma prière"",,,,"
"253-Croix-""Racines-et-vie""-blanc,Croix ""Racines et vie"" blanc,Croix en bois naturel et peinte à  la main. Dim 11x7,5cm,La ronde des couleurs,Nouveautés,,,,,,,,,,,,253,,,,,,,,,,,,,5.6,,,,,,,,Croix ""Racines et vie"" blanc,,,,"
"260-Croix-""Saint-Esprit,-viens-en-nous"",Croix ""Saint Esprit, viens en nous"",Croix en bois naturel et peinte à  la main. Dim 11x7,5cm,La ronde des couleurs,Nouveautés,,,,,,,,,,,,260,,,,,,,,,,,,,5.6,,,,,,,,Croix ""Saint Esprit, viens en nous"",,,,"
"261-Croix-""Tu-es-mon-guide""-galet,Croix ""Tu es mon guide"" galet,Croix en bois naturel et peinte à  la main. Dim 11x7,5cm,La ronde des couleurs,Nouveautés,,,,,,,,,,,,261,,,,,,,,,,,,,5.6,,,,,,,,Croix ""Tu es mon guide"" galet,,,,"
"262-Croix-""Racines-et-vie""-galet,Croix ""Racines et vie"" galet,Croix en bois naturel et peinte à  la main. Dim 11x7,5cm,La ronde des couleurs,Nouveautés,,,,,,,,,,,,262,,,,,,,,,,,,,5.6,,,,,,,,Croix ""Racines et vie"" galet,,,,"
265-Bas-relief-Chapelle-et-fleurs,Bas relief Chapelle et fleurs,,La ronde des couleurs,Nouveautés,,,,,,,,,,,,265,,,,,,,,,,,,,8.7,,,,,,,,Bas relief Chapelle et fleurs,,,,
266-Bas-relief-Colombe-galet,Bas relief Colombe galet,,La ronde des couleurs,Nouveautés,,,,,,,,,,,,266,,,,,,,,,,,,,8.7,,,,,,,,Bas relief Colombe galet,,,,
494-Croix-cierge-rose,Croix cierge rose,Croix en bois naturel et peinte à  la main.,La ronde des couleurs,Nouveautés,,,,,,,,,,,,494,,,,,,,,,,,,,5,,,,,,,,Croix cierge rose,,,,
495-Croix-cierge-bleue,Croix cierge bleue,Croix en bois naturel et peinte à  la main.,La ronde des couleurs,Nouveautés,,,,,,,,,,,,495,,,,,,,,,,,,,5,,,,,,,,Croix cierge bleue,,,,
351-Lot-3-lettres-B,Lot 3 lettres B,,La ronde des couleurs,Lettres en bois,,,,,,,,,,,,351,,,,,,,,,,,,,4.32,,,,,,,,Lot 3 lettres B,,,,
133-Rond-de-Serviette-bretonne,Rond de Serviette bretonne,Rond de serviette en bois.,La ronde des couleurs,Ronds de Serviette,,,,,,,,,,,,133,,,,,,,,,,,,,2.9,,,,,,,,Rond de Serviette bretonne,,,,
134-Rond-de-Serviette-breton,Rond de Serviette breton,,La ronde des couleurs,Ronds de Serviette,,,,,,,,,,,,134,,,,,,,,,,,,,2.9,,,,,,,,Rond de Serviette breton,,,,
135-Rond-de-serviette-alsacienne,Rond de serviette alsacienne,,La ronde des couleurs,Ronds de Serviette,,,,,,,,,,,,135,,,,,,,,,,,,,2.9,,,,,,,,Rond de serviette alsacienne,,,,
136-Rond-de-serviette-alsacien,Rond de serviette alsacien,Rond de serviette en bois,La ronde des couleurs,Ronds de Serviette,,,,,,,,,,,,136,,,,,,,,,,,,,2.9,,,,,,,,Rond de serviette alsacien,,,,
164-Coquetier-bretonne,Coquetier bretonne,Coquetier en bois.,La ronde des couleurs,Coquetiers,,,,,,,,,,,,164,,,,,,,,,,,,,3.05,,,,,,,,Coquetier bretonne,,,,
165-Coquetier-breton,Coquetier breton,Coquetier en bois,La ronde des couleurs,Coquetiers,,,,,,,,,,,,165,,,,,,,,,,,,,3.05,,,,,,,,Coquetier breton,,,,
166-Coquetier-alsacienne,Coquetier alsacienne,Coquetier en bois.,La ronde des couleurs,Coquetiers,,,,,,,,,,,,166,,,,,,,,,,,,,3.05,,,,,,,,Coquetier alsacienne,,,,
167-Coquetier-alsacien,Coquetier alsacien,Coquetier en bois,La ronde des couleurs,Coquetiers,,,,,,,,,,,,167,,,,,,,,,,,,,3.05,,,,,,,,Coquetier alsacien,,,,
249-Présentoir-croix-louanges,Présentoir croix louanges,Présentoir en bois pour croix louanges,La ronde des couleurs,Nouveautés,,,,,,,,,,,,249,,,,,,,,,,,,,15,,,,,,,,Présentoir croix louanges,,,,
611-Cinq-enfants-du-monde,Cinq enfants du monde,,La ronde des couleurs,Crèche Classique,,,,,,,,,,,,611,,,,,,,,,,,,,10.4,,,,,,,,Cinq enfants du monde,,,,
637-Chemin-3-David-Jonas-Esther,Chemin 3 David Jonas Esther,,La ronde des couleurs,Crèche Tournée,,,,,,,,,,,,637,,,,,,,,,,,,,6.5,,,,,,,,Chemin 3 David Jonas Esther,,,,
645-David,David,Personnage crèche tournée en bois et peint à  la main. Livré avec boite et texte.,La ronde des couleurs,Crèche Tournée,,,,,,,,,,,,645,,,,,,,,,,,,,5.1,,,,,,,,David,,,,
646-Jonas,Jonas,Personnage crèche tournée en bois et peint à  la main. Livré avec boite et texte.,La ronde des couleurs,Crèche Tournée,,,,,,,,,,,,646,,,,,,,,,,,,,5.1,,,,,,,,Jonas,,,,
647-Esther,Esther,Personnage crèche tournée en bois et peint à  la main. Livré avec boite et texte.,La ronde des couleurs,Crèche Tournée,,,,,,,,,,,,647,,,,,,,,,,,,,5.1,,,,,,,,Esther,,,,
659-Cornac-et-éléphant-tournés,Cornac et éléphant tournés,,La ronde des couleurs,Nouveautés,,,,,,,,,,,,659,,,,,,,,,,,,,9.3,,,,,,,,Cornac et éléphant tournés,,,,
678-Coeur-Adoration-fushia,Coeur Adoration fushia,,La ronde des couleurs,Etoiles Coeurs Cloches,,,,,,,,,,,,678,,,,,,,,,,,,,3.25,,,,,,,,Coeur Adoration fushia,,,,
679-Coeur-Adoration-bleu,Coeur Adoration bleu,,La ronde des couleurs,Etoiles Coeurs Cloches,,,,,,,,,,,,679,,,,,,,,,,,,,3.25,,,,,,,,Coeur Adoration bleu,,,,
931-Mobile-papillons,Mobile papillons,Mobile en bois,La ronde des couleurs,Décoration de Chambre,,,,,,,,,,,,931,,,,,,,,,,,,,16.5,,,,,,,,Mobile papillons,,,,
980-Ste-Marie-et-Jésus-turquoise,Ste Marie et Jésus turquoise,Cadre en relief, en bois naturel. Diam. 10cm.,La ronde des couleurs,Bas relief Harmonie,,,,,,,,,,,,980,,,,,,,,,,,,,8.1,,,,,,,,Ste Marie et Jésus turquoise,,,,
983-Ste-Marie-et-Jésus-bleu,Ste Marie et Jésus bleu,Cadre en relief, en bois naturel. Diam. 10cm.,La ronde des couleurs,Bas relief Harmonie,,,,,,,,,,,,983,,,,,,,,,,,,,8.1,,,,,,,,Ste Marie et Jésus bleu,,,,
986-Ste-Famille-orange,Ste Famille orange,Cadre en relief, en bois naturel. Diam. 10cm.,La ronde des couleurs,Bas relief Harmonie,,,,,,,,,,,,986,,,,,,,,,,,,,8.5,,,,,,,,Ste Famille orange,,,,
981-Ste-Marie-et-Jésus-orange,Ste Marie et Jésus orange,Cadre en relief, en bois naturel. Diam. 10cm.,La ronde des couleurs,Bas relief Harmonie,,,,,,,,,,,,981,,,,,,,,,,,,,8.1,,,,,,,,Ste Marie et Jésus orange,,,,
1012-Bracelet-chapelet-fleurs-bleu,Bracelet chapelet fleurs bleu,Bracelet chapelet avec fleur, en bois naturel. Vendu par lot de 6. Prix Unit. 1,53e.,La ronde des couleurs,Chapelets et Dizainiers bois,,,,,,,,,,,,1012,,,,,,,,,,,,,1.7,,,,,,,,Bracelet chapelet fleurs bleu,,,,
1013-Bracelet-chapelet-fleurs-fushia,Bracelet chapelet fleurs fushia,Bracelet chapelet avec fleur, en bois naturel. Vendu par lot de 6. Prix Unit. 1,53e.,La ronde des couleurs,Chapelets et Dizainiers bois,,,,,,,,,,,,1013,,,,,,,,,,,,,1.7,,,,,,,,Bracelet chapelet fleurs fushia,,,,
1211-Chapelet-doré-turquoise,Chapelet doré turquoise,Chapelet en bois sur corde. Par lot de 6. Prix unit. 3,2e.,La ronde des couleurs,Nouveautés,,,,,,,,,,,,1211,,,,,,,,,,,,,21.6,,,,,,,,Chapelet doré turquoise,,,,
1213-Chapelet-bleu-foncé,Chapelet bleu foncé,Chapelet en bois sur corde. Par lot de 6. Prix unit. 3,2e.,La ronde des couleurs,Nouveautés,,,,,,,,,,,,1213,,,,,,,,,,,,,21.6,,,,,,,,Chapelet bleu foncé,,,,
1215-Chapelet-doré-framboise,Chapelet doré framboise,Chapelet en bois sur corde. Par lot de 6. Prix unit. 3,2e.,La ronde des couleurs,Nouveautés,,,,,,,,,,,,1215,,,,,,,,,,,,,21.6,,,,,,,,Chapelet doré framboise,,,,
1218-Chapelet-doré-rose,Chapelet doré rose,Chapelet en bois surélastique. Par lot de 6. Prix unit. 3,6e.,La ronde des couleurs,Nouveautés,,,,,,,,,,,,1218,,,,,,,,,,,,,23.4,,,,,,,,Chapelet doré rose,,,,
1219-Chapelet-doré-parme,Chapelet doré parme,Chapelet en bois surélastique. Par lot de 6. Prix unit. 3,6e.,La ronde des couleurs,Nouveautés,,,,,,,,,,,,1219,,,,,,,,,,,,,23.4,,,,,,,,Chapelet doré parme,,,,
1221-Bracelet-doré-turquoise,Bracelet doré turquoise,Bracelet en bois surélastique. Par lot de 6. Prix unit. 2,2e.,La ronde des couleurs,Nouveautés,,,,,,,,,,,,1221,,,,,,,,,,,,,15,,,,,,,,Bracelet doré turquoise,,,,
1222-Bracelet-bleu-foncé,Bracelet bleu foncé,Bracelet en bois surélastique. Par lot de 6. Prix unit. 2,2e.,La ronde des couleurs,Nouveautés,,,,,,,,,,,,1222,,,,,,,,,,,,,15,,,,,,,,Bracelet bleu foncé,,,,
1223-Bracelet-doré-rose-framboise,Bracelet doré rose framboise,Bracelet en bois surélastique. Par lot de 6. Prix unit. 2,2e.,La ronde des couleurs,Nouveautés,,,,,,,,,,,,1223,,,,,,,,,,,,,15,,,,,,,,Bracelet doré rose framboise,,,,
1224-Bracelet-doré-parme,Bracelet doré parme,Bracelet en bois surélastique. Par lot de 6. Prix unit. 2,2e.,La ronde des couleurs,Nouveautés,,,,,,,,,,,,1224,,,,,,,,,,,,,15,,,,,,,,Bracelet doré parme,,,,
748-Statuette-Vierge-noire-5cm,Statuette Vierge noire 5cm,,La ronde des couleurs,Nouveautés, Statue,,,,,,,,,,,,748,,,,,,,,,,,,,3.1,,,,,,,,Statuette Vierge noire 5cm,,,,
747-Statuette-Marie-rose-5cm,Statuette Marie rose 5cm,,La ronde des couleurs,Nouveautés, Statue,,,,,,,,,,,,747,,,,,,,,,,,,,3.1,,,,,,,,Statuette Marie rose 5cm,,,,
746-Statuette-Marie-et-Jésus-5cm,Statuette Marie et Jésus 5cm,,La ronde des couleurs,Nouveautés, Statue,,,,,,,,,,,,746,,,,,,,,,,,,,3.1,,,,,,,,Statuette Marie et Jésus 5cm,,,,
744-Statuette-Marie-prière-5cm,Statuette Marie prière 5cm,,La ronde des couleurs,Nouveautés, Statue,,,,,,,,,,,,744,,,,,,,,,,,,,3.1,,,,,,,,Statuette Marie prière 5cm,,,,
742-Statuette-Ange-gardien-garçon-5cm,Statuette Ange gardien garçon 5cm,,La ronde des couleurs,Nouveautés, Statue,,,,,,,,,,,,742,,,,,,,,,,,,,3.1,,,,,,,,Statuette Ange gardien garçon 5cm,,,,
740-Statuette-Ange-5cm,Statuette Ange 5cm,,La ronde des couleurs,Nouveautés, Statue,,,,,,,,,,,,740,,,,,,,,,,,,,3.1,,,,,,,,Statuette Ange 5cm,,,,
743-Statuette-Ange-gardien-fille-5cm,Statuette Ange gardien fille 5cm,,La ronde des couleurs,Statue,,,,,,,,,,,,743,,,,,,,,,,,,,3.1,,,,,,,,Statuette Ange gardien fille 5cm,,,,
725-Statue-Vierge-noire,Statue Vierge noire,,La ronde des couleurs,Nouveautés, Statue,,,,,,,,,,,,725,,,,,,,,,,,,,8.6,,,,,,,,Statue Vierge noire,,,,
726-Statue-Vierge-rose,Statue Vierge rose,,La ronde des couleurs,Nouveautés, Statue,,,,,,,,,,,,726,,,,,,,,,,,,,8.6,,,,,,,,Statue Vierge rose,,,,
721-Statue-Marie-accueil,Statue Marie accueil,,La ronde des couleurs,Statue,,,,,,,,,,,,721,,,,,,,,,,,,,8.6,,,,,,,,Statue Marie accueil,,,,
723-Statue-Ange,Statue Ange,,La ronde des couleurs,Nouveautés, Statue,,,,,,,,,,,,723,,,,,,,,,,,,,8.6,,,,,,,,Statue Ange,,,,
3012-Impression-sur-toile-rose,Impression sur toile rose,,La ronde des couleurs,Nouveautés, Bas reliefs,,,,,,,,,,,,3012,,,,,,,,,,,,,14.5,,,,,,,,Impression sur toile rose,,,,
3011-Impression-sur-toile-bleu,Impression sur toile bleu,,La ronde des couleurs,Nouveautés, Bas reliefs,,,,,,,,,,,,3011,,,,,,,,,,,,,14.5,,,,,,,,Impression sur toile bleu,,,,
4009-Grande-Colombe-volante,Grande Colombe volante,,La ronde des couleurs,Nouveautés, Décoration de Chambre,,,,,,,,,,,,4009,,,,,,,,,,,,,22.5,,,,,,,,Grande Colombe volante,,,,
835-Croix-Lumière-et-Prière,Croix Lumière et Prière,,La ronde des couleurs,Nouveautés, Croix Paysages,,,,,,,,,,,,835,,,,,,,,,,,,,5.9,,,,,,,,Croix Lumière et Prière,,,,
714-Chalet-Nativité,Chalet Nativité,,La ronde des couleurs,Nouveautés, Décorations bois doré,,,,,,,,,,,,714,,,,,,,,,,,,,3.8,,,,,,,,Chalet Nativité,,,,
719-Couronne-colombe-dorée,Couronne colombe dorée,,La ronde des couleurs,Nouveautés, Décorations bois doré,,,,,,,,,,,,719,,,,,,,,,,,,,3.4,,,,,,,,Couronne colombe dorée,,,,
"700-Calendrier-de-l'Avent-""Nuit-étoilée"",Calendrier de l'Avent ""Nuit étoilée"",,La ronde des couleurs,Nouveautés, Décorations de Noël,,,,,,,,,,,,700,,,,,,,,,,,,,18.5,,,,,,,,Calendrier de l'Avent ""Nuit étoilée"",,,,"
732-Ane-et-boeuf-bois-dorés,Ane et boeuf bois dorés,,La ronde des couleurs,Nouveautés, Crèche bois dorée,,,,,,,,,,,,732,,,,,,,,,,,,,12.1,,,,,,,,Ane et boeuf bois dorés,,,,
733-Trois-moutons-bois-dorés,Trois moutons bois dorés,,La ronde des couleurs,Nouveautés, Crèche bois dorée,,,,,,,,,,,,733,,,,,,,,,,,,,10.5,,,,,,,,Trois moutons bois dorés,,,,
626-Fillette-africaine,Fillette africaine,,La ronde des couleurs,Nouveautés, Crèche Tournée,,,,,,,,,,,,626,,,,,,,,,,,,,8.6,,,,,,,,Fillette africaine,,,,
"255-Croix-""Saint-Esprit-viens-en-nous""-blanc,Croix ""Saint Esprit viens en nous"" blanc,,La ronde des couleurs,Nouveautés, Croix Louanges,,,,,,,,,,,,255,,,,,,,,,,,,,5.6,,,,,,,,Croix ""Saint Esprit viens en nous"" blanc,,,,"
"254-Croix-""Tu-remplis-mon-coeur""-blanc,Croix ""Tu remplis mon coeur"" blanc,,La ronde des couleurs,Nouveautés, Croix Louanges,,,,,,,,,,,,254,,,,,,,,,,,,,5.6,,,,,,,,Croix ""Tu remplis mon coeur"" blanc,,,,"
834-Croix-Lumière-et-Espérance,Croix Lumière et Espérance,,La ronde des couleurs,Nouveautés, Croix Paysages,,,,,,,,,,,,834,,,,,,,,,,,,,5.9,,,,,,,,Croix Lumière et Espérance,,,,
638-Palmier-crèche-tournée,Palmier crèche tournée,,La ronde des couleurs,Crèche Tournée,,,,,,,,,,,,638,,,,,,,,,,,,,6.8,,,,,,,,Palmier crèche tournée,,,,
732-Ane,-boeuf-et-base-bois-dorés,Ane, boeuf et base bois dorés,,La ronde des couleurs,Crèche bois dorée,,,,,,,,,,,,732,,,,,,,,,,,,,12.1,,,,,,,,Ane, boeuf et base bois dorés,,,,
729-Présentoir-sapin-blanc,Présentoir sapin blanc,,La ronde des couleurs,Nouveautés, Décorations bois doré,,,,,,,,,,,,729,,,,,,,,,,,,,20,,,,,,,,Présentoir sapin blanc,,,,
943-Cadre-Marie-et-Jésus,Cadre Marie et Jésus,,La ronde des couleurs,Cadres Marie,,,,,,,,,,,,943,,,,,,,,,,,,,9.4,,,,,,,,Cadre Marie et Jésus,,,,
942-Cadre-Marie-prière-petit-arbre,Cadre Marie prière petit arbre,,La ronde des couleurs,Cadres Marie,,,,,,,,,,,,942,,,,,,,,,,,,,9.4,,,,,,,,Cadre Marie prière petit arbre,,,,
941-Cadre-Marie-prière-oiseaux,Cadre Marie prière oiseaux,,La ronde des couleurs,Nouveautés, Cadres Marie,,,,,,,,,,,,941,,,,,,,,,,,,,9.4,,,,,,,,Cadre Marie prière oiseaux,,,,
940-Cadre-Marie-prière-cerisiers-en-fleurs,Cadre Marie prière cerisiers en fleurs,,La ronde des couleurs,Nouveautés, Cadres Marie,,,,,,,,,,,,940,,,,,,,,,,,,,9.4,,,,,,,,Cadre Marie prière cerisiers en fleurs,,,,
"264-Croix-""Le-Seigneur-est-ma-lumière""-galet,Croix ""Le Seigneur est ma lumière"" galet,,La ronde des couleurs,Nouveautés, Croix Louanges,,,,,,,,,,,,264,,,,,,,,,,,,,5.6,,,,,,,,Croix ""Le Seigneur est ma lumière"" galet,,,,"
833-Croix-communion-bleue,Croix communion bleue,,La ronde des couleurs,Croix Paysages,,,,,,,,,,,,833,,,,,,,,,,,,,5.9,,,,,,,,Croix communion bleue,,,,
"263-Croix-""Tu-remplis-mon-coeur"",-galet,Croix ""Tu remplis mon coeur"", galet,,La ronde des couleurs,Croix Louanges,,,,,,,,,,,,263,,,,,,,,,,,,,5.6,,,,,,,,Croix ""Tu remplis mon coeur"", galet,,,,"
710-Nativité-boule-3D-bleue-ciel-et-bois,Nativité boule 3D bleue ciel et bois,,La ronde des couleurs,Décorations bois doré,,,,,,,,,,,,710,,,,,,,,,,,,,6.2,,,,,,,,Nativité boule 3D bleue ciel et bois,,,,
711-Nativité-boule-3D-bleue-et-dorée,Nativité boule 3D bleue et dorée,,La ronde des couleurs,Décorations bois doré,,,,,,,,,,,,711,,,,,,,,,,,,,6.2,,,,,,,,Nativité boule 3D bleue et dorée,,,,
713-Couronne-bleu-ciel-Nativité,Couronne bleu ciel Nativité,,La ronde des couleurs,Nouveautés, Décorations bois doré,,,,,,,,,,,,713,,,,,,,,,,,,,3.4,,,,,,,,Couronne bleu ciel Nativité,,,,
715-Couronne-bois-naturel-Nativité,Couronne bois naturel Nativité,,La ronde des couleurs,Nouveautés, Décorations bois doré,,,,,,,,,,,,715,,,,,,,,,,,,,3.8,,,,,,,,Couronne bois naturel Nativité,,,,
716-Etoile-bleue-Colombe,Etoile bleue Colombe,,La ronde des couleurs,Nouveautés, Décorations bois doré,,,,,,,,,,,,716,,,,,,,,,,,,,3.4,,,,,,,,Etoile bleue Colombe,,,,
717-Etoile-doré-Nativité,Etoile doré Nativité,,La ronde des couleurs,Nouveautés, Décorations bois doré,,,,,,,,,,,,717,,,,,,,,,,,,,3.4,,,,,,,,Etoile doré Nativité,,,,
718-Etoile-bois-naturel-Nativité,Etoile bois naturel Nativité,,La ronde des couleurs,Nouveautés, Décorations bois doré,,,,,,,,,,,,718,,,,,,,,,,,,,3.4,,,,,,,,Etoile bois naturel Nativité,,,,
712-Noël-en-bois-découpé-avec-Nativité,Noël en bois découpé avec Nativité,,La ronde des couleurs,Décorations bois doré,,,,,,,,,,,,712,,,,,,,,,,,,,12.5,,,,,,,,Noël en bois découpé avec Nativité,,,,
683-Ensemble-de-3-cubes-de-présentation,Ensemble de 3 cubes de présentation,,La ronde des couleurs,Crèche bois dorée,,,,,,,,,,,,683,,,,,,,,,,,,,15,,,,,,,,Ensemble de 3 cubes de présentation,,,,
689-Ange-à-poser-Blanc-chant,Ange à poser Blanc chant,,La ronde des couleurs,Crèche bois dorée,,,,,,,,,,,,689,,,,,,,,,,,,,6.3,,,,,,,,Ange à poser Blanc chant,,,,
688-Ange-à-poser-Or-prière,Ange à poser Or prière,,La ronde des couleurs,Crèche bois dorée,,,,,,,,,,,,688,,,,,,,,,,,,,6.3,,,,,,,,Ange à poser Or prière,,,,
687-Ange-à-poser-blanc-prière,Ange à poser blanc prière,,La ronde des couleurs,Crèche bois dorée,,,,,,,,,,,,687,,,,,,,,,,,,,6.3,,,,,,,,Ange à poser blanc prière,,,,
686-Ange-à-poser-Or-saxo,Ange à poser Or saxo,,La ronde des couleurs,Crèche bois dorée,,,,,,,,,,,,686,,,,,,,,,,,,,6.3,,,,,,,,Ange à poser Or saxo,,,,
685-Ange-à-poser-blanc-bougie,Ange à poser blanc bougie,,La ronde des couleurs,Crèche bois dorée,,,,,,,,,,,,685,,,,,,,,,,,,,6.3,,,,,,,,Ange à poser blanc bougie,,,,
684-Ange-à-poser-Or-trompette,Ange à poser Or trompette,,La ronde des couleurs,Nouveautés, Crèche bois dorée,,,,,,,,,,,,684,,,,,,,,,,,,,6.3,,,,,,,,Ange à poser Or trompette,,,,
731-Sainte-Famille-bois-doré,Sainte Famille bois doré,,La ronde des couleurs,Nouveautés, Crèche bois dorée,,,,,,,,,,,,731,,,,,,,,,,,,,14.9,,,,,,,,Sainte Famille bois doré,,,,
730-Décor-en-bois-étoile-dorée,Décor en bois étoile dorée,,La ronde des couleurs,Nouveautés, Crèche bois dorée,,,,,,,,,,,,730,,,,,,,,,,,,,7.1,,,,,,,,Décor en bois étoile dorée,,,,
829-Croix-clocher-35cm,Croix clocher 35cm,,La ronde des couleurs,Croix Paysages,,,,,,,,,,,,829,,,,,,,,,,,,,16.8,,,,,,,,Croix clocher 35cm,,,,
828-Croix-clocher-20cm,Croix clocher 20cm,,La ronde des couleurs,Croix Paysages,,,,,,,,,,,,828,,,,,,,,,,,,,8.3,,,,,,,,Croix clocher 20cm,,,,
827-Croix-prêtre-et-solidarité-20cm,Croix prêtre et solidarité 20cm,,La ronde des couleurs,Croix Paysages,,,,,,,,,,,,827,,,,,,,,,,,,,8.3,,,,,,,,Croix prêtre et solidarité 20cm,,,,
825-Croix-pêche-miraculeuse-20cm,Croix pêche miraculeuse 20cm,,La ronde des couleurs,Croix Paysages,,,,,,,,,,,,825,,,,,,,,,,,,,8.3,,,,,,,,Croix pêche miraculeuse 20cm,,,,
796-Porte-clé-Ste-Thérèse,Porte-clé Ste Thérèse,,La ronde des couleurs,Porte-clés,,,,,,,,,,,,796,,,,,,,,,,,,,2.05,,,,,,,,Porte-clé Ste Thérèse,,,,
795-Porte-clé-St-Joseph,Porte-clé St Joseph,,La ronde des couleurs,Porte-clés,,,,,,,,,,,,795,,,,,,,,,,,,,2.05,,,,,,,,Porte-clé St Joseph,,,,
794-Porte-clé-Ste-Marie,Porte-clé Ste Marie,,La ronde des couleurs,Porte-clés,,,,,,,,,,,,794,,,,,,,,,,,,,2.05,,,,,,,,Porte-clé Ste Marie,,,,
793-Porte-clé-Ange-Gardien,Porte-clé Ange Gardien,,La ronde des couleurs,Porte-clés,,,,,,,,,,,,793,,,,,,,,,,,,,2.05,,,,,,,,Porte-clé Ange Gardien,,,,
791-Porte-clé-St-Michel,Porte-clé St Michel,,La ronde des couleurs,Porte-clés,,,,,,,,,,,,791,,,,,,,,,,,,,2.05,,,,,,,,Porte-clé St Michel,,,,
790-Porte-clé-Vierge-Miraculeuse,Porte-clé Vierge Miraculeuse,,La ronde des couleurs,Porte-clés,,,,,,,,,,,,790,,,,,,,,,,,,,2.05,,,,,,,,Porte-clé Vierge Miraculeuse,,,,
792-Porte-clé-St-Christophe,Porte-clé St Christophe,,La ronde des couleurs,Porte-clés,,,,,,,,,,,,792,,,,,,,,,,,,,2.05,,,,,,,,Porte-clé St Christophe,,,,
158-Colombe-à-suspendre-blanche-rose,Colombe à suspendre blanche rose,,La ronde des couleurs,Anges et Colombes à Personnaliser,,,,,,,,,,,,158,,,,,,,,,,,,,4.6,,,,,,,,Colombe à suspendre blanche rose,,,,
157-Colombe-à-suspendre-blanche-bleue,Colombe à suspendre blanche bleue,,La ronde des couleurs,Anges et Colombes à Personnaliser,,,,,,,,,,,,157,,,,,,,,,,,,,4.6,,,,,,,,Colombe à suspendre blanche bleue,,,,
156-Colombe-à-suspendre-rose,Colombe à suspendre rose,,La ronde des couleurs,Anges et Colombes à Personnaliser,,,,,,,,,,,,156,,,,,,,,,,,,,4.6,,,,,,,,Colombe à suspendre rose,,,,
155-Colombe-à-suspendre-bleue,Colombe à suspendre bleue,,La ronde des couleurs,Anges et Colombes à Personnaliser,,,,,,,,,,,,155,,,,,,,,,,,,,4.6,,,,,,,,Colombe à suspendre bleue,,,,
612-Nativité-Or/Ecru-par-C.-Guinement,Nativité Or/Ecru par C. Guinement,,La ronde des couleurs,Sainte Famille,,,,,,,,,,,,612,,,,,,,,,,,,,17.5,,,,,,,,Nativité Or/Ecru par C. Guinement,,,,
374-Lot-de-2-lettres-Y,Lot de 2 lettres Y,,La ronde des couleurs,Lettres en bois,,,,,,,,,,,,374,,,,,,,,,,,,,2.88,,,,,,,,Lot de 2 lettres Y,,,,
373-Lot-de-2-lettres-X,Lot de 2 lettres X,,La ronde des couleurs,Lettres en bois,,,,,,,,,,,,373,,,,,,,,,,,,,2.88,,,,,,,,Lot de 2 lettres X,,,,
372-Lot-de-2-lettres-W,Lot de 2 lettres W,,La ronde des couleurs,Lettres en bois,,,,,,,,,,,,372,,,,,,,,,,,,,2.88,,,,,,,,Lot de 2 lettres W,,,,
371-Lot-de-2-lettres-V,Lot de 2 lettres V,,La ronde des couleurs,Lettres en bois,,,,,,,,,,,,371,,,,,,,,,,,,,2.88,,,,,,,,Lot de 2 lettres V,,,,
370-Lot-de-3-lettres-U,Lot de 3 lettres U,,La ronde des couleurs,Lettres en bois,,,,,,,,,,,,370,,,,,,,,,,,,,4.32,,,,,,,,Lot de 3 lettres U,,,,
369-Lot-de-5-lettres-T,Lot de 5 lettres T,,La ronde des couleurs,Lettres en bois,,,,,,,,,,,,369,,,,,,,,,,,,,7.2,,,,,,,,Lot de 5 lettres T,,,,
368-Lot-de-5-lettres-S,Lot de 5 lettres S,,La ronde des couleurs,Lettres en bois,,,,,,,,,,,,368,,,,,,,,,,,,,7.2,,,,,,,,Lot de 5 lettres S,,,,
367-Lot-de-5-lettres-R,Lot de 5 lettres R,,La ronde des couleurs,Lettres en bois,,,,,,,,,,,,367,,,,,,,,,,,,,7.2,,,,,,,,Lot de 5 lettres R,,,,
366-Lot-de-2-lettres-Q,Lot de 2 lettres Q,,La ronde des couleurs,Lettres en bois,,,,,,,,,,,,366,,,,,,,,,,,,,2.88,,,,,,,,Lot de 2 lettres Q,,,,
375-Lot-de-2-lettres-Z,Lot de 2 lettres Z,,La ronde des couleurs,Lettres en bois,,,,,,,,,,,,375,,,,,,,,,,,,,2.88,,,,,,,,Lot de 2 lettres Z,,,,
365-Lot-de-5-lettres-P,Lot de 5 lettres P,,La ronde des couleurs,Lettres en bois,,,,,,,,,,,,365,,,,,,,,,,,,,7.2,,,,,,,,Lot de 5 lettres P,,,,
364-Lot-de-3-lettres-O,Lot de 3 lettres O,,La ronde des couleurs,Lettres en bois,,,,,,,,,,,,364,,,,,,,,,,,,,4.32,,,,,,,,Lot de 3 lettres O,,,,
363-Lot-de-5-lettres-N,Lot de 5 lettres N,,La ronde des couleurs,Lettres en bois,,,,,,,,,,,,363,,,,,,,,,,,,,7.2,,,,,,,,Lot de 5 lettres N,,,,
362-Lot-de-5-lettres-M,Lot de 5 lettres M,,La ronde des couleurs,Lettres en bois,,,,,,,,,,,,362,,,,,,,,,,,,,7.2,,,,,,,,Lot de 5 lettres M,,,,
361-Lot-de-5-lettres-L,Lot de 5 lettres L,,La ronde des couleurs,Lettres en bois,,,,,,,,,,,,361,,,,,,,,,,,,,7.2,,,,,,,,Lot de 5 lettres L,,,,
360-Lot-de-2-lettres-K,Lot de 2 lettres K,,La ronde des couleurs,Lettres en bois,,,,,,,,,,,,360,,,,,,,,,,,,,2.88,,,,,,,,Lot de 2 lettres K,,,,
359-Lot-de-2-lettres-J,Lot de 2 lettres J,,La ronde des couleurs,Lettres en bois,,,,,,,,,,,,359,,,,,,,,,,,,,2.88,,,,,,,,Lot de 2 lettres J,,,,
358-Lot-de-3-lettres-i,Lot de 3 lettres i,,La ronde des couleurs,Lettres en bois,,,,,,,,,,,,358,,,,,,,,,,,,,4.32,,,,,,,,Lot de 3 lettres i,,,,
357-Lot-de-2-lettres-H,Lot de 2 lettres H,,La ronde des couleurs,Lettres en bois,,,,,,,,,,,,357,,,,,,,,,,,,,2.88,,,,,,,,Lot de 2 lettres H,,,,
356-Lot-de-2-lettres-G,Lot de 2 lettres G,,La ronde des couleurs,Lettres en bois,,,,,,,,,,,,356,,,,,,,,,,,,,2.88,,,,,,,,Lot de 2 lettres G,,,,
355-Lot-de-2-lettres-F,Lot de 2 lettres F,,La ronde des couleurs,Lettres en bois,,,,,,,,,,,,355,,,,,,,,,,,,,2.88,,,,,,,,Lot de 2 lettres F,,,,
354-Lot-de-5-lettres-E,Lot de 5 lettres E,,La ronde des couleurs,Lettres en bois,,,,,,,,,,,,354,,,,,,,,,,,,,7.2,,,,,,,,Lot de 5 lettres E,,,,
353-Lot-de-2-lettres-D,Lot de 2 lettres D,,La ronde des couleurs,Lettres en bois,,,,,,,,,,,,353,,,,,,,,,,,,,2.88,,,,,,,,Lot de 2 lettres D,,,,
352-Lot-de-3-lettres-C,Lot de 3 lettres C,,La ronde des couleurs,Lettres en bois,,,,,,,,,,,,352,,,,,,,,,,,,,4.32,,,,,,,,Lot de 3 lettres C,,,,
171-Croix-Enfants-du-Monde-jaune-20cm,Croix Enfants du Monde jaune 20cm,,La ronde des couleurs,Croix Enfants du Monde,,,,,,,,,,,,171,,,,,,,,,,,,,8.3,,,,,,,,Croix Enfants du Monde jaune 20cm,,,,
170-Croix-Enfants-du-Monde-rose-20cm,Croix Enfants du Monde rose 20cm,,La ronde des couleurs,Croix Enfants du Monde,,,,,,,,,,,,170,,,,,,,,,,,,,8.3,,,,,,,,Croix Enfants du Monde rose 20cm,,,,
649-Fermière-et-oie,Fermière et oie,,La ronde des couleurs,Crèche Tournée,,,,,,,,,,,,649,,,,,,,,,,,,,8.3,,,,,,,,Fermière et oie,,,,
